file,linear_r2,rf_r2,ada_r2,mlp_r2,linear_mae,rf_mae,ada_mae,mlp_mae,linear_rmse,rf_rmse,ada_rmse,mlp_rmse,linear_aggregated_r2,rf_aggregated_r2,ada_aggregated_r2,mlp_aggregated_r2,linear_aggregated_mae,rf_aggregated_mae,ada_aggregated_mae,mlp_aggregated_mae,linear_aggregated_rmse,rf_aggregated_rmse,ada_aggregated_rmse,mlp_aggregated_rmse,num_rows,mean_speed,std_speed,duration_mean_s,speed_points_mean
863609060548991.csv,0.7486022591411714,0.7352792852898045,0.7700477834589025,0.7763117155515641,25.976686594280274,26.33087534018635,24.01119169065781,23.36052149975482,35.07140063095706,35.98871900260785,33.54217536622709,33.08217422534988,0.8902236046205564,0.8811989538632562,0.905477591296428,0.9062584661989045,35.46631683386497,37.05177253610867,31.88365203510471,31.37006275726718,49.821180678183424,51.82862231425091,46.230322426661225,46.03896586514888,4254,49.812516302739866,7.90265514104883,62.05665890926187,6.29901269393512
863609060549064.csv,0.7053555905798432,0.7120478346326697,0.7261157464972157,0.7361350214227294,19.231790505929258,18.92502331125343,17.860079747192252,17.56555006024732,25.225024267037217,24.936911527038045,24.32013728096368,23.871151348038474,0.892878966532556,0.8936408419576097,0.9016563321337322,0.9089151136992435,28.401014795468317,28.316497925646168,26.524556444886926,25.705604490419713,39.20296564160572,39.06330552125245,37.562522190573944,36.14970064345567,3827,55.690368900840575,7.6232085598315225,61.72198170891038,6.130650640188137
863609060549072.csv,0.5875494047756271,0.5851717642624268,0.6065357682999861,0.606317990511787,15.814077700692486,15.880240989315203,15.416169460025346,15.194929879717716,21.16865167713813,21.22957911515531,20.675682703175568,20.68140378429282,0.8461646074296918,0.8432933764659081,0.8553510473748518,0.8546540734354006,20.236791945229594,20.295051846249166,19.785383506309802,18.853969735195044,30.113965989042,30.393694936577816,29.200982913955624,29.27124912154518,4965,48.0249645561114,7.854734909329191,66.87815427995972,6.394159113796576
863609060549098.csv,0.4598838143042264,0.466684889971988,0.48998728929388413,0.5139723295640419,18.661273385185243,18.514005264820177,18.04439994545949,17.323552619451764,24.54534616757806,24.390320636737247,23.851520249500528,23.283918098602808,0.7507564565847188,0.7549250950982533,0.7737534439000405,0.7875747415081669,25.76109290673645,25.848330010210486,24.816444477271638,23.818385181065175,36.228360711700475,35.924120639899314,34.516576446276105,33.4456624600572,3479,41.214697923657596,6.609533611439074,62.34321586662834,6.319632078183386
863609060549163.csv,0.5683623949204251,0.5660523694185515,0.5829091584856487,0.5972770602275643,29.319751965193447,29.511195252576254,28.92942608556225,28.2318962805533,37.955365845267686,38.05679452861959,37.31031121509767,36.6620486172723,0.8994691285480186,0.8921978130244471,0.8973024198355871,0.9049517826059379,39.31964928480165,41.16138339086746,40.31124091850727,38.693120272654404,52.31110697702197,54.16989234693344,52.87182386329049,50.86466340072382,3459,64.23348636214504,8.038541765999675,65.91790315119977,7.219427580225498
863609060553744.csv,0.7350942871326807,0.7609831316964293,0.7785900277462567,0.7896355034371523,19.510522610313743,18.576309781251062,17.624065538083695,16.82343825269461,25.46999795585164,24.193434427545334,23.28529995328272,22.697052941055308,0.8862261249551396,0.9055199619601266,0.9165108185281462,0.9245271700696498,28.611701372231256,26.417597204510106,24.499950796688992,23.025410516117766,38.9390165004508,35.48409496501885,33.35637170721259,31.714584095295688,6327,63.44600901170253,7.536666411548684,68.7694069859333,7.445550813971867
863609060555335.csv,0.6312776835472933,0.63520957710124,0.6432929901772705,0.6594396343152102,13.430571698411194,13.281875189036253,13.159065651112307,12.74094809567342,17.95369794637662,17.857716191505006,17.65875269853222,17.254455322334646,0.8535213657495935,0.851528840637696,0.8565332344540266,0.8656672314372895,17.30474567145645,17.00134865997142,16.75483204425581,16.127420034478693,23.739034072282493,23.899947815519766,23.49370744544001,22.733530446906116,4878,42.106993385726994,7.610184870189919,72.39790959409595,6.449159491594916
863609060555871.csv,0.05579071351416076,-0.1720042701545108,-6.782493238897914,0.12612440931232427,23.202973977260594,24.912048162236665,32.64751158900455,22.43389664377485,38.96215002967478,43.40835994173765,111.85828503428621,37.4829345798001,0.2948005000070224,-0.04529914407730429,-4.380980980446016,0.2494463231135451,30.378980021264244,32.67826320150992,43.82988301932218,28.799653069178262,48.909051051031746,59.54612929999186,135.10268097279805,50.45731274702868,418,44.52739103721341,8.088563676058628,94.03826794258373,7.382775119617225
863609060559451.csv,0.5174838604828864,0.511256583556144,0.5405625331090843,0.5497720168753774,23.591935506072478,23.612464186154316,22.959763541985414,22.627075407563186,30.156720892889112,30.350695979716455,29.426688952515452,29.13026506578025,0.827234443286079,0.819145426654698,0.8311064579798108,0.8350327618199893,30.825441298935534,31.66897939687811,30.765005400276394,29.838108793119105,41.744057473862036,42.71012332362058,41.27362363458454,40.79105422165749,3280,76.4468094762818,10.237191910872658,83.31433140243902,7.327134146341463
863609060559592.csv,0.755839926999468,0.7643396554603221,0.7791378289220592,0.7872726732898588,16.27318596077081,16.060654724719374,15.236775871521008,14.569449251100378,24.228754596971662,23.803291891966758,23.043818004254057,22.615459145220257,0.892699639317804,0.9000164571822574,0.9120071171671061,0.9152610252142215,24.243600445811456,23.49799715813175,22.014866975269605,20.887452783255743,37.172007723433154,35.88225172209978,33.66194460541772,33.03368555828544,10487,40.42504674201959,6.468997093148024,65.34805530657003,5.710880137312864
863609060562695.csv,0.7095014019273562,0.7245582110652058,0.7390046325771513,0.7366552713811598,15.598833347185387,15.149508187872602,14.68841788989338,14.788407364100816,20.650226682853656,20.107946364545498,19.57353209794021,19.661430737148144,0.8784907297112854,0.8884833998803244,0.8984751771464086,0.9030475007715627,20.46422047781609,19.272414711681606,18.385191114065066,18.67644226666793,29.538004212332172,28.297378369781697,26.999925255831236,26.38492998552667,2735,49.70234976352888,7.983587957100046,68.31883217550273,6.249360146252285
863609060564410.csv,0.8205181012486861,0.8501186339937609,0.8680900957484201,0.8701546549963088,33.68343868016835,29.962962264116186,27.73269860655247,27.30213050065936,42.57663267830484,38.90763243468921,36.50057328791819,36.213806393394776,0.922844212565467,0.937159563426394,0.9467245699212099,0.9465346625315858,49.031316414447744,43.12599128811442,39.62175004640993,39.850901038245816,65.813670754106,59.39521476852714,54.688415725747255,54.78580110004336,5403,81.53386568465498,9.055384998909394,64.2528310198038,6.48121414029243
863609060567082.csv,0.7900944472027074,0.8177971761953876,0.8313719302082883,0.835636548995824,30.972014191118646,28.253389966491614,26.454009560568874,25.6606577610483,40.81763331682503,38.02886886392249,36.58480887917852,36.119229870426544,0.9186327318566717,0.9331794421909001,0.941009151204125,0.9411096695646226,44.56527551503478,40.50368390363314,36.897782906791754,35.5481834087557,62.34064420644938,56.493888266049055,53.08095658986752,53.03571325381215,3917,66.68265110407923,8.003939077553627,64.36815930559102,5.646157773806484
863609060567744.csv,0.7600768420097554,0.796023936249932,0.8076718775417031,0.814765725126755,33.49343305938261,30.595440055664692,29.01485483846036,28.13047915082776,42.43130248470981,39.123696565512596,37.99020828276681,37.283008802586295,0.9160414375267317,0.9311036843070135,0.9371982457648924,0.9402818775721206,44.561783713525784,40.77464189641878,37.72351677811577,36.23929441379254,60.53668395813925,54.83831852466877,52.356670188918834,51.05510845964597,5036,74.8193923853503,8.048048897735821,61.55759312946783,6.0818109610802225
863609060567785.csv,0.35721299631301306,0.3485702406972513,0.36164674794325957,0.35826587471337856,17.7902523720912,17.951496229242995,17.80567240118907,17.590945504217437,22.81362881872231,22.9664899162327,22.734811890972967,22.794936918402897,0.7882537224860554,0.7832788349984176,0.7878006480823997,0.7856923329648219,23.35086697135359,23.806303814817923,23.56198009461228,23.392782207296676,31.630641600478203,32.00005851770973,31.66446362652656,31.821376606188956,8248,57.726975205821596,7.248875309464469,63.79510717749758,6.19119786614937
863609060568353.csv,0.7001755586700822,0.6922747066719485,0.7158794702845344,0.7343122813446146,8.097607175604464,8.203733235106975,7.98362051848503,7.433990175206368,10.935957063635584,11.079110069682168,10.6457089304626,10.294589170127809,0.8936475323212768,0.8861974283809897,0.9007764880969749,0.9085760607785995,11.423545418885517,11.777839494612762,11.051937063763443,10.31484538102087,15.589653273713628,16.126447558436208,15.058092748502292,14.454152604842685,6537,24.410428261377586,5.924384682963121,63.4037307633471,5.551017286216919
863609060568361.csv,0.5137621616611872,0.5172021963007267,0.5264234268696855,0.5580661413407424,21.193382792056433,20.98305026379284,20.846407211003903,19.904828012744083,27.458285422728128,27.36098210118336,27.09843090360948,26.177470401098375,0.8045392244275517,0.8078799191804065,0.8157103072794621,0.8267201704613745,27.30222609063261,27.435381912835496,27.14062519289025,25.93230461436797,37.024295439185856,36.70653365501182,35.95071373312462,34.86029034649168,3159,58.088756826362705,7.876095492797449,74.01646565368787,7.850269072491295
863609060568601.csv,0.5019170693702224,0.5076506429780533,0.5165125262863299,0.5323258163719434,29.15013190521912,29.48919375077547,29.275301645073984,28.251093980277137,39.18933849106006,38.96312582283606,38.610881496151954,37.97421472714906,0.7764489120907705,0.7828931392364202,0.7882031776564145,0.7953199744681834,44.598499064978604,44.715021595247016,44.040042312746934,42.67484937546326,63.83054203756284,62.903804429693146,62.1297861138954,61.07702428679538,7245,53.31418476430366,6.356734423989573,63.253980676328496,6.79296066252588
863609060568791.csv,0.46336781155813034,0.4412503118099431,0.4641726154316794,0.48399283010735605,18.5840205064423,19.382505135065514,19.007353525853485,18.179276784261067,24.02985778670388,24.52005770524439,24.01183186556877,23.563549392868065,0.8476892366354792,0.8359987267694493,0.8468731323045678,0.8554237043595714,26.008227766449995,27.56520484635837,26.577876601518582,26.00410358823579,36.13322143025196,37.49427798688147,36.229895763630104,35.203831336965045,2833,63.913045429961215,9.046434068832081,65.06601341334274,6.593363925167667
863609060574518.csv,0.5547754602231909,0.5945916768206962,0.6211459052992154,0.662453548926736,26.94335021704037,25.377676933063412,24.55888915719834,22.52624014836208,34.55080802104265,32.96969973763209,31.871657839485298,30.083989936004382,0.8219467357602328,0.8377685580067035,0.8523504115492248,0.8777868982208862,38.664507621669905,36.79997893037547,35.536851860221354,31.349168467327832,51.42288797937691,49.08502401208371,46.82713786562878,42.603019105678314,4708,62.60187191512992,9.569085441519103,65.12660322854715,6.2727272727272725
863609060574526.csv,0.5855336134255388,0.6069911431058671,0.6258622388311618,0.6400443785406265,31.228705663313857,30.421063365124983,29.072731032640526,27.8012517967129,40.43396227420031,39.37339040086612,38.41646643008108,37.68132141694052,0.8322277824536036,0.8462276567443915,0.8562499126563978,0.869409539099022,46.10767672932865,44.03232469313981,42.10037271832515,39.7837747046091,61.04573714582965,58.44326039644696,56.50662627076392,53.85810233980649,6011,68.9749832888027,9.633886246516482,64.9090089835302,7.05839294626518
863609060574567.csv,0.7275292772161096,0.76147936015864,0.7769537033048762,0.7889463902342279,29.776211761594926,28.07511407913454,27.097729653185535,25.064183929937418,41.14004148758644,38.491761507218335,37.2222234463366,36.20772146164844,0.8855563318970491,0.900674782540532,0.9100243581566653,0.9195262360853556,40.05735695191468,37.642339882666924,35.68032523509002,32.44744681122397,58.075857840831155,54.104017038420096,51.49466362730866,48.69976956031775,4013,69.55030750069861,8.838274379973774,72.64790156989783,6.918514826812858
863609060574583.csv,0.575410767297757,0.5964881165188949,0.6098685325278329,0.6224581845268549,18.85581106317935,17.675221676026226,17.58396256144687,16.771522660269838,24.2409979071688,23.63165677988913,23.236541918188564,22.858542507799907,0.849820214176876,0.8550050292435397,0.8639122898134142,0.8615391522750719,25.53937065555815,24.686174882190663,24.20803143227396,23.06849685593031,36.50559841272436,35.869902895572025,34.75067021474859,35.05235688074209,1653,73.2143813332826,8.790542741187304,77.52147912885661,7.4162129461585
863609060574609.csv,0.6414188807036545,0.6585848338434028,0.6749662732712549,0.6797592945929336,26.024951683331043,25.724541390089815,24.795513985735607,23.988038972630367,34.268237298948044,33.43793590416718,32.6258826703583,32.384434907336576,0.8752433335793597,0.8817038999560967,0.8915228475704127,0.8889273931805464,36.14443238467659,35.88667706947847,34.11551830507779,33.47712203998055,49.30411135271636,48.01052646969129,45.974857615506146,46.52161009706719,7568,67.46007409526588,7.680012621249852,67.3603348308668,7.23004756871036
863609060574633.csv,0.5539834155738994,0.5284618304319908,0.5581626555807948,0.5554531099838116,28.542555366349436,29.121403582379738,28.00242924591204,27.500468635362044,37.56248207539314,38.62221747619238,37.38608493696121,37.50054388237224,0.8229591000571232,0.8124312919046058,0.8276883061237692,0.8303488073893283,41.14705209046047,42.22703351285971,40.43555350105813,39.06234470642719,57.02759104532189,58.69869091889868,56.260760462263335,55.82473636341406,4839,54.28636092674547,7.360507280058949,63.026871667699936,6.432114073155611
863609060574765.csv,0.5972543234078016,0.5814716024387265,0.6041330497879889,0.6360571752590636,22.700866806026617,23.625491694873265,22.488379116789694,21.262768598418162,31.54174555888046,32.153832559003476,31.271225633698,29.983813044401927,0.8148213220423853,0.799222899852667,0.8141680504562975,0.828073132576697,29.495499388385717,31.38509260524498,29.725887398036193,27.996860213468867,44.370033153594974,46.20099750291406,44.448228341593044,42.752955103118765,3858,65.26193879224014,7.76030838365268,86.01763322965266,7.436236391912908
863609060584681.csv,0.721529830426362,0.7433254339225462,0.7446959538195744,0.7631454742009534,39.209058958690335,36.53040721212524,36.28840607213902,34.38483370801559,50.35929440052197,48.34835642250921,48.21910506190791,46.44416300252924,0.9009276029749149,0.916993087676285,0.9170484001440667,0.9276369135521262,60.977874510536815,55.354483648261144,54.99310853792293,50.77609088923364,83.19078587462805,76.1475651688096,76.12219010351188,71.09800795135857,4392,78.37439155516503,8.372830318064487,64.8321985428051,6.149590163934426
863609060584707.csv,0.8146017240033427,0.8551791014803349,0.8704565668106099,0.8805829265244511,25.0237975541743,21.843408812772065,20.093662740309902,19.037461905869215,31.514259424812973,27.85286530579005,26.34280162603057,25.292250355742876,0.9181866734272941,0.9448143690394996,0.9544603541541331,0.9588658143542459,38.686838545557315,31.25495716705709,27.801224052962226,26.31985052381309,50.06599954079279,41.119125657968674,37.3530173565612,35.500324029808134,5771,67.7326800293876,8.72433086508412,61.38624536475481,6.179171720672327
863609060586827.csv,0.6993707394905285,0.7113104381119664,0.7262619680440191,0.7345782166767432,26.941262777128813,26.301233146306174,25.086779485220013,24.766168365478517,35.91780936053152,35.19733303597939,34.27376282109197,33.74912349340647,0.9134428645031896,0.9217212133917978,0.9283734071937394,0.9307489712316581,36.378407320525305,34.23932752999704,31.58990638045756,31.03322075052959,51.11355316202317,48.607879636607954,46.49666249852222,45.7191080487206,3247,83.75423312235364,8.690729812073322,65.37727379119187,6.820141669233139
863609060587957.csv,0.6720747735292562,0.6839146980708196,0.6882448883945713,0.7130322048048972,22.693643580508038,22.410157206405668,22.169760281684965,20.447092119486257,30.712943709274057,30.153392505596468,29.946138006875866,28.73099130497627,0.8389996824232429,0.8457330389269273,0.8537151550535758,0.8619638684338641,32.89820258461719,32.20386133418795,31.557894487494668,29.156648907636733,46.6775348874125,45.691036282825834,44.49325859305648,43.220614348704885,3470,67.01602879553226,8.786493757826696,66.52536455331412,5.65014409221902
863609060589482.csv,0.6762636234657857,0.6959448369162171,0.7271265354698808,0.7488850411210914,24.69311206501329,23.819086113518825,22.501715592474945,21.36067479580038,33.08278130022947,32.061397933213456,30.37294583617254,29.136847128808625,0.8867017969917561,0.8995200706449441,0.9104816725768573,0.9181485206668101,33.690186583579674,31.385571928394373,29.68385399043047,28.171579319833103,45.57948052733549,42.923736569793476,40.514813111920894,38.74102677065954,3213,82.2675611572922,9.793579856690975,79.98319887955182,6.102707749766573
863609060591363.csv,0.47149202353214403,0.5344826163571947,0.530038654173342,0.5439960448634289,26.784613364972166,25.567915761836094,25.945647121643795,24.834189452935213,35.00398261017989,32.85183538220788,33.00826943959152,32.514418479063686,0.6935591506860505,0.7638829451229568,0.7547752275083571,0.7650342037117552,39.094077901044415,34.75081458102343,35.66283356979002,34.10788187346233,52.93893293176912,46.46923610320164,47.356982771071934,46.35581041665878,2007,60.214674030318236,8.411612175748926,74.67166417538617,7.529646238166418
863609060591546.csv,0.6908445263960439,0.7218253793829043,0.7264916584922407,0.7325404267471057,18.985999488036597,18.32912723696475,18.047340874391946,17.63957916121259,26.464918659988154,25.103879735491592,24.89243498575796,24.615642003380515,0.8371586667663683,0.8552955858920703,0.8611618478368742,0.8645120769765776,26.992253054831462,25.827228925468148,25.342226811275186,24.62118116157717,39.02105780645957,36.78388559676497,36.03056945189447,35.59319765023079,3304,41.83652508739684,7.002076745750517,69.57234776029055,6.790254237288136
863609060593054.csv,0.5235424234246704,0.5403138822688873,0.5287118781104556,0.5473377622926902,18.26228443706767,17.992089300141306,18.286419072500433,17.53273438197102,24.64440903860479,24.206777814208113,24.510351349484203,24.021129398474226,0.6908764833634147,0.7216190529237794,0.7103320367507608,0.7307752354901089,24.543211027386363,23.906093447851035,24.4982719718763,23.6531831281295,35.40177906938036,33.595322833606,34.269620698987474,33.03821443644834,2951,43.98215076836282,7.320779218410002,81.67942866824805,7.590986106404609
863609060593237.csv,0.501260144332798,0.5068041602348652,0.5211351373474711,0.5134451316487049,32.26720935822211,32.403685625058515,31.56582621435619,31.54735655623111,42.47601155927949,42.23926913064526,41.62106400081811,41.9539256155968,0.8177315686285886,0.8226867733653748,0.8296364424733126,0.824891987521783,43.47938110226943,43.72102095314287,42.31486648089529,42.96736946408178,60.36887833604994,59.54262061926234,58.36409139620026,59.17120151244526,5609,63.69062457797029,8.400864010985169,62.76110928864326,6.418791228382956
863609060596545.csv,0.6165782009630432,0.6231181483162204,0.6343590630660231,0.6406019962523755,12.196405127153959,12.039776712644029,11.804697741117641,11.696273740692812,15.936594863161817,15.80009668174625,15.562685408327521,15.429255195162144,0.8407380676045493,0.8509372941467694,0.8574308812325185,0.8579763489499737,16.669688655904913,16.24197462814836,15.767857876147561,15.794700123485505,23.26158140820353,22.50441594005569,22.008780469172606,21.966637457447938,6810,39.93756732850253,6.859049813564429,72.02275991189427,6.786637298091042
863609060596636.csv,0.5590171496099376,0.5466932056410023,0.5554668844768214,0.5777231329739738,16.152730294720772,16.33498439120967,16.16931937236436,15.55845078459031,20.626538321404187,20.91277245631003,20.70940195282909,20.184320948165258,0.8356096035938008,0.8309361250695226,0.8331310412841809,0.8421131596098254,21.82559978478947,22.209932020818776,21.941491177235793,20.992811186451558,29.335104320417443,29.749168051389603,29.555423964994162,28.748976145685795,5645,56.11069028547793,8.42037336597289,65.41081257750221,6.380513728963685
863609060596818.csv,0.5794440175907181,0.5929550821175399,0.6030538734531672,0.6216056209361256,24.28265584212788,23.910607388454828,23.451201069958746,22.480430494123233,31.50276117223162,30.992590749771754,30.605712714148428,29.88195802656568,0.8175336003684701,0.8281095084813412,0.832388519203846,0.8461160265216332,34.580279941545676,33.41269176666637,33.05009041514975,31.272706228980486,46.336317901429496,44.97342832544186,44.4101203258145,42.552664990595915,4682,58.69817517074969,9.224664359139618,66.90902157197779,6.925886373344724
863609060602350.csv,0.7014104528003402,0.7647891534682315,0.7923051760367705,0.8144428882094715,34.455133917717575,29.267271250755098,28.272256821804515,24.75759408009665,47.20866274330823,41.899908149972646,39.37288471327444,37.215443637913225,0.8708252330490647,0.8977391886401276,0.9192079782504703,0.9302156986138557,47.20892310947418,40.73504975671295,38.838649317579275,32.634508780289515,68.15429304921201,60.639971855585166,53.89998098990939,50.09371510628042,4184,58.897798143860705,7.271714625668294,77.05927844168262,7.644359464627151
863609060603143.csv,0.6012246184534704,0.6352229967319716,0.6240697406563004,0.6335813756095172,21.038912221859555,19.77968398928871,19.968948222488176,19.723869216887287,30.21469806587445,28.898001860235368,29.33646165166713,28.96295430518254,0.8405161391974528,0.8651836315696698,0.8641536313806426,0.8554358355249466,28.098572908571633,26.507722727644857,25.5439231427901,26.698095588123095,41.07438192064916,37.764520852921066,37.90850726994485,39.105963622471286,1203,55.97455768767543,7.590267420891046,76.16875727348297,7.033250207813799
863609060604331.csv,0.4344580094474795,0.4202533059962188,0.45392394020610405,0.4622781977661534,31.147121409054897,32.373919602961905,31.261824260706714,31.111285553520606,40.42634499751216,40.93089021029669,39.724516368475186,39.41947833453926,0.8109316972365255,0.811293202123478,0.8202177243885225,0.8123206571838583,42.544302006799434,44.03991253615149,42.7561559292515,43.46060497650475,55.80039872600232,55.74702709202823,54.41283776626361,55.59505656490535,2812,50.124631883449126,7.022236232038836,60.63514153627312,7.110597439544808
863609060604679.csv,0.6951183000848896,0.7551115996196787,0.7728395508467416,0.7865797974499754,35.610873536188464,31.07357639297974,29.47876403443629,28.01381463432312,46.159743988707405,41.36964746622062,39.84410466008124,38.6202852106067,0.8766621353713782,0.903585762193403,0.9127309675738771,0.9196834649698141,50.1916041056108,43.056339403089936,40.126199368784285,37.382256463909826,67.20441246931208,59.418291801814334,56.53008734795991,54.23155510696016,4997,83.98165639269472,8.94454024828698,72.57955293175905,6.523914348609165
863609060605791.csv,0.7829210026480804,0.7906746767523097,0.8005895062737837,0.8034713353816737,21.367401250673932,20.360970508987016,19.6967188402341,18.962481916681085,29.334921601324172,28.806262482513706,28.115773292116778,27.911872974457836,0.900342616810538,0.8998326627818065,0.9138169978397068,0.9148817155588851,31.180199905271273,29.862891400755636,27.76259463940265,26.646131262521262,44.702171439277684,44.81639762003345,41.570446523458266,41.31286473821456,5305,50.21789552511544,6.66313996915667,68.40245504241281,6.995098963242224
863609060608993.csv,0.5198228591563285,0.4955891798424976,0.5043745223817824,0.5193025089926196,10.236751321953099,10.56190916248492,10.552321342464639,10.181324368468346,13.600754634216116,13.93973321546038,13.817805545509524,13.608121955590072,0.8199624192111913,0.8133998150408618,0.8147865723451814,0.8197188305591657,13.997572144124938,14.326176577324103,14.393119731325589,14.040368173943191,19.149920826164564,19.495816720364456,19.423238055472858,19.162871251916755,6152,26.025009601447856,6.298507252485125,65.58761784785436,6.216352405721716
863609060609694.csv,0.28476303016472293,0.3521307329041503,0.3195725413070316,0.008891486361452094,18.19324229729263,18.066052826337827,18.049299399650767,20.906482501905792,24.04965102759311,22.889035412281256,23.45712149548453,28.31029566282739,0.7955354308453608,0.8349343506946496,0.834397824313132,0.7241647413513375,20.211934541211036,19.738954189203,19.332530123505308,22.602074682712555,27.396872717099612,24.616160419778073,24.65613392369115,31.821221802717773,241,53.26209146254415,9.04915754616572,65.67217427385891,6.348547717842323
863609060613928.csv,0.6036649209474385,0.6310380715971314,0.661162060565367,0.6645819293972755,23.5182755408614,22.36639065768949,21.343686028641287,20.632980631048028,31.222028253363966,30.12455454874152,28.868609902244902,28.72255595767174,0.826593443462874,0.8381532106199167,0.8661559795076605,0.866725649889095,35.274922706479025,33.46606142795385,31.820370313517277,30.65899617064233,49.42287549959601,47.747132738186416,43.42049193434326,43.32798969143134,1374,59.96408382631038,8.010847444370006,71.21761499272198,8.091703056768559
863609060618943.csv,0.7956374623129776,0.824273176251572,0.8271656084021966,0.8356000604454551,20.366420901789002,18.32584791821521,17.91967393358376,17.233582409368378,27.25643920344192,25.27478703350432,25.065914725626595,24.44664702819368,0.9018053882228115,0.9253277942787663,0.927436033289945,0.9305937994663318,29.77753449816419,25.34663652427294,24.751132485213954,23.7222925697625,40.84473609989619,35.6181825719951,35.1117740741436,34.33929708453381,3001,59.62065184436711,6.843749050335838,82.72475608130624,7.136954348550483
863609060619347.csv,0.5547012118610992,0.6110203843767869,0.6477908009769442,0.635399234872293,23.51797730761132,22.23575231355744,20.95296904148142,20.724501750508292,31.35525675643063,29.30542514277704,27.88591839668437,28.37222482819327,0.8280956737555702,0.8470101883478423,0.871477017295416,0.8755177977359072,32.1308653442968,30.853929940607436,29.050444896654803,27.263880837638425,48.73646507956896,45.97713208030324,42.14062968244929,41.47288564897257,1829,64.89403559192226,7.932305080714909,73.8846517222526,7.639693821760525
863609060619370.csv,0.8236787241979595,0.8360336779261303,0.8506778149663567,0.8651925895007986,30.77587919415605,30.123686164359928,27.485989273180696,25.639764361758886,40.045054011283575,38.61658380560031,36.85179886409045,35.01494166861424,0.9311073640262465,0.9409742222157368,0.9475725199149284,0.9523895145626452,46.32330923639463,44.3575895001743,40.66636236164038,38.06033552185563,63.9586196161596,59.20161308604041,55.79460058715771,53.16967256275729,3471,64.89702196166405,8.003848960937107,62.2595862863728,6.288101411696918
863609060620014.csv,0.7003215724140333,0.7371040038835903,0.7485540385254359,0.7726752807972361,28.31840085968475,27.261215946116753,26.00440026034572,24.77018724636334,36.61447583533001,34.29391495777132,33.538791755380785,31.889551571003192,0.8828805355358823,0.9119367555910634,0.9165732399376345,0.9209086771777085,45.17250711298173,39.602906184790626,37.38964511770642,36.440543665523414,59.32103846955034,51.43888510109015,50.066461134963376,48.74820466965085,3278,67.11842729749772,8.634667618172388,63.7885951799878,6.314826113483831
863609060621384.csv,0.7080049918625007,0.6954037611648813,0.7139873640737292,0.7139494084187644,13.718314890159826,14.17746019996289,13.473380754879598,13.518529136198794,18.809908858772328,19.21149870856104,18.616223659397903,18.617458862729002,0.911812904565303,0.9032789703012947,0.9122911033151233,0.9141367770968329,18.541475549715365,19.490071503522422,18.656334836045225,18.49747142819471,25.895924077953772,27.11997903449326,25.82561769400161,25.552446441473794,3322,34.85089357088954,6.909699569258351,61.318189042745345,6.141782059000602
863609060621400.csv,0.6747766947692857,0.6595998941587604,0.6709743583027461,0.6806360529503245,19.785302434950612,20.521893628910803,19.53083607494793,19.038452640516027,26.029339881621084,26.62975482042704,26.181058258918164,25.793796446935158,0.8991305980963049,0.8897326976767732,0.8966290249664488,0.8985781039475005,28.27084179012058,29.61297052285679,28.484229314914334,27.97997013298241,38.58974696329415,40.34740269418928,39.065331533889655,38.69528686797941,2187,46.050482193968975,7.871995210579628,61.384547782350246,6.5829903978052124
863609060621509.csv,0.5789079787733591,0.5747242361922591,0.5978424340924715,0.6068499170662467,25.560509327255737,25.61372772075201,24.699453769514797,24.143088483931756,33.16608224309388,33.330435149553956,32.41184765015514,32.04681349386335,0.8301877389407919,0.828837905752207,0.839482155818061,0.8435124060608024,36.053127957730084,35.9398724953984,34.61027824299,33.8906559045764,48.33399730785415,48.525719898040656,46.992640698129215,46.398949479792975,7856,69.16361483362019,8.569168818360476,67.84865364052952,7.0336048879837065
863609060621988.csv,0.7026519675609244,0.7084918459601529,0.7345926054413402,0.7350126935214014,27.488402448802432,26.504262524788814,25.003789016192275,24.879251538082737,35.73840170166971,35.38571253802541,33.76440498835814,33.737673176362236,0.8750195910782477,0.8795352671374501,0.8919064610641414,0.893371220545691,38.65684915638101,37.23547766308688,34.934499285368396,34.39663032471665,53.23282413435418,52.262297461709146,49.506064620755154,49.16949587131087,2383,65.1327296415552,8.803398293492085,68.24968862778012,7.499790180444817
863609060622135.csv,0.7952139587254481,0.7865090768790375,0.8253367837101249,0.8421611143554846,26.94060943853532,26.93250309434163,24.185989676708292,23.12115326431714,34.98891744723971,35.72481906116724,32.31328096728319,30.717603719341895,0.9062234726858927,0.9223435879685115,0.9350471659192344,0.9369535498135957,38.83303581017046,36.32033982050833,32.51489786780133,31.934008351961772,53.176458489554655,48.3905989613589,44.255921684610236,43.601623113079796,2183,54.26781626428533,8.834048241324533,61.85803023362346,6.423728813559322
863609060622994.csv,0.5707719399906489,0.5769153863152402,0.5833064738671285,0.5703128104904693,22.301345845868475,22.33652264440146,22.12481434018068,21.781689158428374,30.239645626524393,30.022459008615108,29.794837511474473,30.255814423350106,0.8292683833299286,0.8300932775739265,0.8378219997255656,0.8254233597230511,31.94313693123279,32.91387123169216,31.690736656428072,31.68176098430858,45.53527155154002,45.42513593561204,44.379961897722026,46.04516357356466,8042,61.103921965254294,7.614817377551822,63.04527045511067,5.990549614523751
863609060627522.csv,0.7641888550562065,0.8312990293123856,0.8339267422414866,0.7946366177279691,24.354884874836962,21.16134386169263,20.059698855119187,20.729923954007972,33.88332292912211,28.659104904524867,28.435029552532974,31.620252647076025,0.907330755394969,0.944393806673214,0.9498908761054619,0.9346040318470995,36.5469459686774,28.926969338895386,28.238516068932654,28.821973498053783,53.9078673324082,41.75859923371898,39.64083046557536,45.28556872801488,997,57.66746942983722,7.360833604648516,65.00502708124374,6.451354062186559
863609060627589.csv,0.7326106521960265,0.7529970989766386,0.7754342799778933,0.7855414165098221,26.655787057668658,24.67180443353157,23.556268316939775,22.261713122789743,34.57585515654276,33.231650083544096,31.6863788323684,30.965107766749483,0.8983594780143478,0.9051134539716771,0.9172820618425748,0.9257414733449113,36.171421312011766,34.17153358653509,31.84216198562321,29.31153662379558,50.31370334085788,48.6133064150968,45.38921708217534,43.0056984621434,5379,76.60077519635833,8.975687197245664,79.46570459193158,7.840304889384644
863609060631722.csv,0.558103386465707,0.5477682381166566,0.5713762649533505,0.5711454945122747,20.96409868998945,21.201666157676406,20.447286472754755,20.34211144917927,27.466389875352743,27.785727635983957,27.05075256857508,27.058033633034594,0.8240018405058339,0.8147190332709582,0.82853523380952,0.8325754702432585,29.438902269880113,29.977760180582525,28.65499597956266,28.40422390728462,40.747980264749486,41.80877357478057,40.21975954744887,39.74308430347786,4204,59.43058699579298,9.247453268363326,62.681020218839194,6.846574690770694
863609060632787.csv,0.7405389140828962,0.754863443921883,0.7754478439343342,0.7927888422525102,30.393172584008685,29.206426528463435,27.328225267870764,26.310469330153293,39.03278903699607,37.940015924448566,36.31215999731569,34.88189233381858,0.9107032375676096,0.9181043141530255,0.9309639742199627,0.9341954586659732,44.0751432099463,41.686875267652496,38.68527613235383,37.45108476824465,60.031513095836964,57.489951917848124,52.7836385646757,51.53346760771422,5612,77.79367071901716,8.47018873210757,64.48931717747683,6.99215965787598
863609060636259.csv,0.7485371757440296,0.7684676425273608,0.7965895605006528,0.8081847999234406,32.27965289123709,30.57506424413839,28.171257376985,27.117170724917283,42.6950674558097,40.968178633435784,38.39966438848679,37.28913586311197,0.8978686162259684,0.9194010666791573,0.9284907866891882,0.9331345665561863,47.22996831054325,42.951158924415495,39.376513303799385,37.5406626497216,67.79228747274543,60.22340786240978,56.72593726618125,54.85314240166569,3474,64.2673830395127,8.24196492656288,63.04203914795625,7.127806563039724
863609060637851.csv,0.649226846363726,0.6471357225397705,0.6624528649648043,0.6711477790230902,21.84228439048999,22.040424491869334,21.387622071206355,20.875118113433814,29.973961282828228,30.063172965868045,29.40344261371829,29.022268655276072,0.874195845659158,0.8726200221016706,0.8790306687701102,0.8816785259779384,31.48379053344042,31.974045246907558,30.52018887494585,30.21064518774995,46.00762029708801,46.294869432969165,45.11489166485117,44.61840740563081,6302,48.466463895653824,6.7580919066987315,63.63361631228182,6.462234211361473
863609060650847.csv,0.6047688904913433,0.6202046321608149,0.6494238634183964,0.6614579002455203,14.539310758640017,14.481944280951746,13.918507740613961,13.244666316100906,19.54429946863775,19.158847455225136,18.407114893606536,18.088430664704997,0.8350147128473511,0.8437105132995919,0.8620068548680283,0.8711644556552762,21.538794022808503,20.80634592723236,19.70950140277243,18.545218844865932,30.12213445162928,29.31757309463739,27.548115221768764,26.618340888582132,4525,54.90651332956769,7.753903869225504,64.35735182320443,6.336795580110497
863609060652140.csv,0.5546883898661092,0.5454230507147566,0.5564454287551215,0.5896606649261813,30.399406656191534,30.399315659489357,29.811120244548782,28.091425486370525,40.53985860748714,40.959431994453816,40.45980173547047,38.91542660930926,0.7785315261750548,0.7742022658501521,0.7792104158740967,0.8027571396620247,41.67202863359946,42.532761418663306,41.28464699184354,38.321358076230744,56.43394397395919,56.98285909232793,56.34738124924819,53.25802929017576,2258,64.10749679636379,8.322579291427422,75.1310947741364,7.6886625332152345
863609060652215.csv,0.5974188232894491,0.5835252217247376,0.6038215515889376,0.6300373032917523,28.450005611991788,28.880877302046684,27.98719558749127,26.565380451019255,38.01429866348762,38.66469626122156,37.710793725752936,36.441749479203146,0.8553295831794396,0.8492412101375411,0.8595525848287375,0.8709348474148924,39.617762368618365,40.43271788443001,38.921311331995426,36.09442886402638,55.41288041668482,56.56687418019881,54.59812579447461,52.33899257173469,4891,55.35421339224225,7.631891029411967,64.32407012880802,6.766509916172562
863609060655457.csv,0.5982804590003676,0.61414291958518,0.6308301365165836,0.6340782432517376,20.634098555756648,20.159492176396967,19.697084424682586,19.37009142303467,27.42049583112468,26.873675063896144,26.286147784277652,26.170254187122467,0.8329660436291022,0.8522944522682849,0.8563067096738738,0.861838169745378,29.3643826709838,27.83425256140318,27.523030736505643,26.588167500353144,40.54204002226441,38.12427712698618,37.60291030780859,36.8720473605575,6246,66.48797396387869,7.8521187019680285,65.02592907460775,5.862632084534102
863609060655507.csv,0.5542114500915556,0.582730451325594,0.6092640088468748,0.6227762196928448,20.466731102323738,19.56290124161602,18.83358986872212,18.390112554042872,26.230243486100477,25.3773467229467,24.55724118047484,24.128893069796025,0.8390969339682747,0.8451612914025388,0.8584340896948033,0.8693322275372426,27.649003081045706,26.413150819821052,25.17805768212472,24.490941510208398,37.14370588820131,36.437019264241144,34.84034243738063,33.472435685594775,5447,65.15425606737085,8.21433103424553,64.79603616669726,6.339636497154397
863609060662883.csv,0.32656776844762503,0.3258731672917252,0.3319609000956887,0.33789952829863634,6.181336984541515,6.3379744814451,6.3637754161030005,6.211036039380835,8.019815463351753,8.02395035410258,7.987637864783572,7.9520549893939645,0.7707898937072662,0.7699833029091903,0.7755499766215093,0.7739372371188564,8.44816270922328,8.535509487454878,8.546171998700382,8.393188859247099,11.749848146907457,11.770503859932022,11.627201532834667,11.668899197604475,5703,15.87101887867218,4.58752123440174,69.85568963703314,6.0974925477818696
863609060663105.csv,0.3659034867253018,0.3648687496659079,0.37819225728468786,0.3929321744347961,21.30768812743075,21.056669091684064,21.106564041095808,19.991717811744575,27.50521384155197,27.527646596047944,27.237384771912485,26.912618257983617,0.7460015326984866,0.7466982475221471,0.7548214024774124,0.7727874010889606,30.818332108238778,30.25108624537427,30.020310933082513,27.952484440447243,40.58739820144865,40.53169459746681,39.87649171359897,38.38768027916198,2606,62.72868662833009,8.182171537473375,63.2586331542594,6.828089025326171
863609060663246.csv,0.7954950598599864,0.8017539021471518,0.818485631611577,0.8274712994023424,23.676499795692,22.551027506200086,21.04741247927404,20.14781408482219,31.57439138059595,31.087472209850134,29.746686098471653,29.00105266062985,0.9013279725716153,0.9112567076926401,0.9213367933509599,0.9263048073735836,34.39240864755441,32.19128644143312,29.629916680613615,28.41956699300302,47.36434928220441,44.918197208572614,42.29026166283646,40.93305211276897,5813,66.48913348493053,8.627476201309303,62.74573989334252,6.176328917942542
863609060663410.csv,0.5629818956174567,0.5577846887631097,0.5817424041895054,0.5946967179443035,16.06020656727686,16.09000485359084,15.835094810496603,15.312917351827378,21.62335926190069,21.751556378878618,21.154139692046666,20.823969059142982,0.803270294741413,0.8109962038677059,0.8229519479204583,0.8323113520139565,22.703875706200357,22.518238609990945,21.966718340491965,21.231328026193086,32.133672270169086,31.496380824941344,30.48393071226478,29.66724519268527,5692,50.19148754558049,7.2274784362948985,68.73277846099789,6.525825720309206
863609060663543.csv,0.7101123374762772,0.7254018876241541,0.7398092287132247,0.7565240752236071,22.641116665220892,21.881824326368307,21.194491595126266,20.356991251555158,29.76177458851918,28.96628041391016,28.19615576765622,27.275452791552475,0.8794117001868125,0.8925969691455719,0.8986282732442666,0.9107117319395968,31.98336017867976,29.780188739957968,29.46120655234016,27.38429451859665,44.798864448711264,42.27880350882166,41.074552622257734,38.548867096969644,4042,72.15750737212228,9.321598749634742,64.53562518555171,5.901533894111826
863609060665449.csv,0.6429506832571585,0.6727019971735135,0.684855840331043,0.6885230741808511,20.08852507677208,19.2348708505332,18.64845751720231,18.122138938870354,26.461381565090228,25.334952226177887,24.86010986495935,24.715041947687247,0.8889628453728535,0.9068783499235319,0.9154428681465445,0.9147131555477681,27.631350319808423,24.92344497673661,23.9501096365534,23.087646240989468,39.66184817828657,36.32152855417554,34.61098087297456,34.76000327525768,5741,74.08559294985872,8.384181291537166,65.2759083783313,6.736979620275213
863609060668781.csv,0.6499417555222498,0.6600143499112416,0.6796176236009899,0.6867631130258333,12.308895206879301,12.16324617810024,11.711776112117867,11.280699476398993,16.663972744403875,16.422477852771237,15.941996173608358,15.763216519558137,0.8662487686090472,0.8690879266508169,0.8797642720335461,0.8812827589757178,17.33690838119082,17.106632843271292,16.334286279035258,15.820226144922415,24.6445539944371,24.38158410686578,23.366240205923145,23.21822235001942,7063,44.51384373750015,6.962500516570571,63.733689367124455,6.442446552456463
863609060669698.csv,0.4579339495756496,0.4526614467345542,0.47191129988052427,0.4985095416997548,23.365572178083156,23.529498571264348,23.13559710830662,22.20006844626824,32.248600395740795,32.40505676932499,31.830114728735175,31.01816513711173,0.6991392707580171,0.6885687913749954,0.7092158395425359,0.7166448062756885,33.05829991564358,34.79442047427645,32.98910729066273,31.646217204630375,46.177860297629664,46.982066929368735,45.39796927809858,44.81430259885726,3634,46.4139852154495,7.96471090290667,64.2163002201431,6.776829939460649
863609060673245.csv,0.5170217738150682,0.5063427440501631,0.5218534737729665,0.5333271878053822,13.143557807857373,13.303178710686984,13.104928978487285,12.779392506943854,16.809673565321223,16.99449508827218,16.725380479258597,16.523488927231334,0.8403825139112625,0.8404990383013663,0.8434232749283611,0.8464239316334319,17.176145803035194,17.272538596788582,16.979743764803523,16.67737371671446,22.827754457701715,22.81942054682702,22.609271124056914,22.39157960672354,6670,50.464381313536855,7.37334453899222,67.03718005997003,6.566866566716642
863609060685116.csv,0.4516078796207206,0.44031136540798044,0.4518663255705878,0.4757799955963746,18.081348888931934,17.9904586483774,17.763580519706153,17.26064578346584,23.429616813148396,23.669703995250746,23.424095213777406,22.907430506936997,0.76717531794204,0.7587989282930234,0.7625702778609273,0.7900154865897454,24.277192948161147,24.299564815738123,23.808880423293054,22.655548054239024,31.899678894273862,32.46843969943366,32.21360612509352,30.294614834477855,1608,47.990018129260484,7.712419676003599,64.3221473880597,6.8414179104477615
863609060685587.csv,0.6860532364017486,0.7099361519084504,0.7287260729905312,0.741347649463299,17.584906288551093,17.400098733687337,16.533185830625783,15.879354117515678,23.423706040348268,22.515127261964295,21.773669731776636,21.261104335004813,0.8866093550887858,0.9048899731094269,0.9142043046440012,0.9208922688525982,25.0726948381434,23.844723252786963,22.304415255527214,21.384438673824103,35.01110262877116,32.06493235590243,30.45439140505883,29.243317552817466,9011,47.47578188193226,6.587730383980134,63.77228853623349,6.5453334813006325
863609060685645.csv,0.4083700873952798,0.4039265768634478,0.4131526912839013,0.418593771768072,18.697027711882157,18.977892434667623,18.658104730508864,18.30058067231324,24.039365496566642,24.12947195626479,23.94200390798305,23.830753729546043,0.7797054573382202,0.7748090812353007,0.7793553872220773,0.7802303751598301,24.332632103253918,25.227522204153974,24.732745707043563,24.391734277728286,33.176269854238896,33.542939744197845,33.202619599907464,33.13672007358229,6323,57.660953449133906,7.372918322465977,68.93579867151668,6.870314724023407
863609060686387.csv,0.4678109639132074,0.4521362897810631,0.4798454203256166,0.47113599971308384,29.567463898769727,30.015753339373774,29.04848386172632,29.18778918947943,38.623753397574895,39.18842245392793,38.18455443153975,38.50290668835556,0.7543298876774611,0.7522776106999443,0.7670052246848644,0.7496237840587909,40.63831248797537,40.44448161902585,39.408579795160726,40.522744199830996,54.343575609777524,54.57009098707454,52.92308339897368,54.86161442555351,3013,56.300524034392964,6.633195831906136,65.02755658811816,7.234317955526054
863609060686809.csv,0.5996076550075351,0.5782456206566973,0.5992763931837148,0.6079882634754303,11.384650072975338,11.921268914176112,11.535919222085367,11.33008997872376,15.48643348940339,15.894187399704967,15.492838461456788,15.323503209720759,0.8860026117367408,0.8724409879580678,0.8794628678622495,0.8849221353387754,16.040400396163754,17.124069373822724,16.712504078735115,16.065379864460773,21.938779517658666,23.20708464231392,22.5592906660445,22.042503079008824,2977,29.67318954264788,5.7781032576828935,61.99865905273766,6.017131340275445
863609060687732.csv,0.4594341618548682,0.4495624965125975,0.4751589826534315,0.4922295673960918,18.976264199936782,19.35824100870457,18.703520597962868,18.068902352636158,24.580933726381552,24.80436342932548,24.220770914630457,23.8236215728449,0.8037643387194024,0.8058806015307741,0.8130884527889659,0.8165503509310845,26.280214280745867,26.478278886034595,25.852978401144956,24.855394874967992,35.36134965668536,35.170159223357246,34.51103087807958,34.189937641254254,6627,67.23479997827926,8.279411650594335,65.42205839746491,6.250490417987023
863609060687898.csv,0.68607632350361,0.7072535736849929,0.7126920313443375,0.7256407166778212,16.84987861641197,16.231513030258608,16.082783281767277,14.824590401850985,21.97705267096387,21.222826034582237,21.024769772507863,20.545524983436714,0.8705142431888749,0.8849153675609218,0.884173547509124,0.8931406543556699,25.674605174417252,24.39390348928947,24.291813595555325,22.081102874418338,34.85177969431506,32.85660054593339,32.96232506062448,31.660678344708735,5204,67.56415713843117,8.55996393402475,61.01191256725595,6.331667947732513
863609060689472.csv,0.5902293190746943,0.5906605101433571,0.6045142509355358,0.6116339319352089,27.983213973994747,27.662436182263946,26.69997323983352,26.20645337890353,37.93050588596225,37.9105439890306,37.263497407032666,36.92655845105591,0.8381539008137733,0.8350935757342871,0.8419391234721092,0.8435742796233484,37.88430075737765,37.67357953824794,36.11083945913513,35.4012572319527,53.136624332455874,53.63664815217987,52.51157395513168,52.23924897880153,4763,58.006405324085414,7.685430302795148,64.15306256560991,6.280705437749318
863609060691288.csv,0.6160588794876696,0.6587145566284076,0.6644089299529146,0.6678826276905343,28.054050972878567,26.707419858827137,26.366244110961436,26.243295529910498,35.78922112568974,33.742621122705636,33.459937927822104,33.28631583111327,0.8765992105284982,0.8957007872081125,0.8983966608635657,0.9008253207043316,36.86747514071696,34.306216386628826,33.80015451688179,33.197014459749546,49.87221020292797,45.85008674032002,45.25365242071472,44.70952426126703,8399,76.08975499042161,8.465914236732742,78.3177768781998,8.142516966305513
863609060693854.csv,0.795954940704158,0.8414610396960496,0.8566511403287276,0.8653732965144206,32.40897097174844,27.495182095842484,25.013439670656844,23.089217043599277,43.07004406340504,37.96472665338493,36.10018235363176,34.9846779377377,0.9121407297878844,0.9405998863326156,0.9485705960699253,0.9545876468621278,47.96567434798636,38.934653223065894,33.93226962868771,31.58528934689926,70.49704346155987,57.9656547736329,53.93651145059713,50.683209789453755,8101,57.12641680574637,8.129735867086058,62.51093432909518,5.884088384150105
863609060696972.csv,0.617629661163571,0.6249138617570429,0.6358477820440069,0.6503351511150526,20.983359909641244,20.86236677970124,20.478157737104592,19.52568258383335,27.866126180748008,27.5994233782249,27.19418082986577,26.647746559641973,0.8528455481623571,0.8646654308031732,0.8689938628141956,0.8757616903445404,28.928348371120318,27.992364660282018,27.450987253516157,25.88702471735562,40.75446270174886,39.0834453717136,38.45335965158784,37.44693149277686,10919,66.97523234801531,8.691167745952576,64.84696437402692,5.679640992764905
863609060700014.csv,0.6112411453366363,0.605838280399716,0.6272251844832897,0.6212411049169771,18.82100750037051,18.825278317024733,18.07675431194337,17.966362455850128,25.02356552215232,25.196850888731817,24.503737190537358,24.699630956067097,0.8873403491653442,0.8866721707184995,0.8950127352517753,0.8926045684420709,25.493050341117502,25.392386012560685,24.32383290487617,24.367180846762352,34.86487052466873,34.968108530239995,33.656749225045466,34.04056501714119,4882,49.71321983321116,8.426726283146595,63.242941827120035,5.793732077017616
863609060700279.csv,0.5905126643647549,0.6003551257029306,0.6085089680568375,0.6293945406982686,28.594456747456302,28.506888269689227,27.81036522648259,26.702714191734696,38.62322356615744,38.156225278079276,37.76497396122153,36.7438100149617,0.8255922057422549,0.8463355151825169,0.847090190391075,0.8552110393378063,43.746668339334875,41.91135337499607,41.72881552015802,39.60917228496879,64.02273042802987,60.09495291549132,59.94720247205744,58.33362593923168,3101,61.681133207297414,7.553182345229434,63.682689777491134,6.872299258303773
863609060700725.csv,0.7959395904979807,0.8269215268035843,0.8294658832752771,0.8311277074778884,30.178826979383835,27.149443908636513,26.212978603709296,25.574334872760897,39.946164282297936,36.788936600044416,36.51752581027517,36.33916186478644,0.9183790019627194,0.9407258389857329,0.941337682751162,0.9430283957174084,46.25977046259979,38.84141153983668,38.322764533236054,37.43323234889759,64.11046684575926,54.63371045903075,54.35100713581151,53.56205282457585,3781,75.49397682907149,8.38456174840657,65.79609177466278,5.122454377148903
863609060701145.csv,0.5324944794602158,0.5314345165541277,0.548698838078806,0.5394081804042974,30.155623890622238,30.487286576168305,29.735858021736107,29.350688978639077,42.11775815422637,42.16547736116077,41.38139247668758,41.80516913677773,0.8130384268497477,0.8124892135151447,0.8184874928452602,0.821647624668701,41.964928244887645,42.3678102531296,41.171088798266666,39.91099828472462,60.372838913179066,60.4614487077587,59.48653862086113,58.96643476285584,6295,63.02719588172006,7.408753865521182,63.16029388403495,6.832406671961874
863609060701863.csv,0.7498059065872121,0.7575700850224012,0.7703374364087204,0.7800012177363848,22.26767563347948,21.791448163206876,21.09238586060605,20.272001610512508,29.795829696596215,29.329864836477405,28.547104258166733,27.940044627551284,0.9120359619401288,0.9134533256656865,0.9219020377629622,0.9285412463936586,29.75361266427404,29.431049442207403,28.01684386609727,26.35131550390474,42.64572160737837,42.30075128071786,40.18303537733454,38.43709942022607,6445,47.444036911177044,7.131740964779913,66.0993138867339,6.345694336695113
863609060701970.csv,0.7151782679366377,0.7304259482700479,0.7449809951005029,0.7509193666126547,19.040042443650954,18.5575345524242,17.998807524772783,17.49619844921438,26.024605347606574,25.31842197499405,24.62543234875734,24.337029664599253,0.9069736462127614,0.9154337972531861,0.9230815305452785,0.9276205928376322,26.352225415116923,24.646467200948184,23.478507825552466,22.799464410646404,37.13777224341996,35.40880450173175,33.76977491822587,32.75822487112006,5093,57.43332826276819,7.006221414905833,63.34478362458276,6.101315531121147
863609060702077.csv,0.46016684043962863,0.473969120816525,0.49863589475649006,0.5134049369609266,17.638959244494583,17.46232822949468,16.915945897857824,16.497761538343585,22.405941577365883,22.11765297898476,21.592853548424856,21.272438142841356,0.8097956124714223,0.8120864135970682,0.8280277248662853,0.8377034768728673,23.596862100540548,23.40038806425275,22.509967958828394,21.417277798460614,30.357581424821536,30.174215925806077,28.865967717847525,28.042163115848716,5651,60.67228407444432,7.676285423638488,64.62820279596532,6.282250929039108
863609060702150.csv,0.6728809679627668,0.6688605364549336,0.6725112081801613,0.6817575836460894,18.316637132642857,18.31888063151088,18.16375592730178,18.051920085696047,25.5632135041994,25.719825130623736,25.577657143606217,25.21398979381251,0.8648812161978011,0.8602976750262781,0.8626734538871699,0.8651499185434713,24.701949123609396,24.85291862930209,24.689246734908554,24.51265731406804,33.80982072344187,34.37849188070903,34.08491794393069,33.7761862465781,3979,37.07437444556369,7.1380861079612075,65.49964086453883,6.701935159587836
863609060702218.csv,0.4842803137249555,0.5017217526094973,0.5030049386763689,0.5106361387105857,20.088258825671485,19.92353765187991,19.890168772512464,19.626287399300196,26.994883894824603,26.534479511273084,26.500291159958127,26.29605237899136,0.7884437197459986,0.8023301831982911,0.8031264690520137,0.8083139527856602,28.561107009039983,27.980514829855473,28.12697640097809,28.03017142030535,41.45004822989305,40.06657865344836,39.98579584637807,39.45547988796587,7970,56.10108163237674,7.0121252697803556,67.64290777917189,7.000250941028858
863609060705799.csv,0.583099627360733,0.5870388239122515,0.6023019095712099,0.6071186916273734,39.87710553835694,39.542308534458925,38.00326541165091,36.84465524771422,52.97325468988631,52.72239460170586,51.73890917223226,51.42463276304048,0.8201433303934946,0.8124887212275071,0.8210629533101585,0.8341860675793612,56.54968260033221,56.92246239561361,53.66418684768981,51.36760966314291,77.99594437223392,79.638385122469,77.79628878095495,74.88921128621661,4182,68.8572495023671,8.86477724945843,64.92133668101387,6.649689143950263
863609060717570.csv,0.2389682372093197,0.21230047152749765,0.21352256434584682,0.2508382352362206,18.82086963024357,19.363928070327066,19.26127475846743,18.64468057842371,23.707507632842372,24.11930560279159,24.10058814088363,23.521895138095122,0.7865580402197052,0.7770130099585338,0.778963353172352,0.7923288793922811,25.080046058640107,26.037699427210413,25.706458966357992,24.805357552579164,32.55525594445947,33.275223161947245,33.12938362981774,32.112141387855644,1577,77.0871953274794,8.8317904050853,64.1268306911858,6.131896005072924
863609060719360.csv,0.647388881583323,0.662642508481951,0.6738346595544447,0.6772565812287467,31.3944306022182,30.407841763425374,29.579624217276944,29.01070779239624,40.804616422906506,39.91227451169304,39.24462678277834,39.0382190056832,0.8610557808744638,0.8723200147248297,0.877579637822916,0.8803684590279025,45.460296308847894,43.34964846999471,41.789219266044164,40.94874928165185,61.2573248540049,58.721778123886345,57.49957250100403,56.84085922596349,8690,79.41030464041172,7.9211852301837276,63.440395627157656,6.80126582278481
863609060719451.csv,0.6639888180228435,0.7001068525346419,0.7285741108745286,0.7367825496175026,20.47135976882951,18.93427745297856,17.56587574319146,17.01728864031858,27.095243025191152,25.597612280636074,24.352402884318998,23.981344314520726,0.87148099646573,0.8881899739778101,0.900746721059875,0.9039041026194798,30.590157945524346,28.184094936621737,26.22933579793986,25.165248050590872,40.996656006881615,38.23887734441842,36.02775415787249,35.45007696686134,5887,65.37588033228813,8.372500042393161,62.010367080006795,6.698488194326482
863609060723388.csv,0.7760541697503991,0.7791467301869115,0.7900296685004211,0.7951144218020922,21.410601332624424,20.78413785339417,20.121672050219257,20.132626320359893,28.215774791965696,28.020275872151643,27.32118027751384,26.98834075186237,0.9354407911579475,0.9459048314349904,0.9474955411839976,0.9482077040062201,29.02205881967572,26.071559850246448,25.439912667729036,25.302224649262318,40.78238382432711,37.331268484149284,36.77829577409252,36.52801646843853,2169,67.5059279658875,8.554533677623063,64.4965491009682,5.443061318579991
863609060726225.csv,0.6635762905296593,0.6677935959093518,0.690001862932921,0.6989759723728899,17.265993040847412,17.157676153104983,16.456468434878545,16.057444721676823,22.363508277716903,22.22289514544236,21.467238384231063,21.154229813454855,0.8840684777678334,0.8865644302591628,0.8988965217282364,0.9019519956625842,23.466124054256415,23.366013741860407,21.894889612752223,21.238814901362705,31.491726584195238,31.150880825480893,29.408898024829803,28.961101935864757,8257,61.94042378520279,8.547183830735143,65.73283541237738,6.621048807072786
863609060727223.csv,0.577682954355883,0.5876177089404097,0.6004058019783884,0.6054651127046493,17.36021419385289,17.214985890534205,17.12649343177861,16.539732219644094,22.470256981720407,22.20438441029017,21.857390971636004,21.718580656126825,0.8459672046812436,0.8556653185752117,0.8596647598931816,0.8702273381291117,25.29729272644039,24.89468473346961,24.65553498537843,23.095400295079312,35.20979193921301,34.08334489731045,33.60781139766381,32.31829692821442,5140,60.40559662860353,7.354284516344571,64.84358443579767,6.911867704280156
863609060731506.csv,0.6746634571410896,0.69288273640817,0.7013473151365824,0.7344295980385249,17.702951649313675,17.3310881996029,15.386303961253063,15.820852851867675,25.193039480827128,24.47745486098523,24.137781700251633,22.76166247397007,0.8746338443199251,0.9070205468333821,0.9092967399709295,0.9147146111569966,24.384486624550078,21.383929613453414,19.92414656066051,20.737331355059588,34.03311007323779,29.309268396662617,28.948291181737403,28.07041290833045,475,57.344695408363485,8.795265218541882,65.40000631578947,6.334736842105263
863609060734674.csv,0.6138503010764156,0.5916134187768071,0.616388303620631,0.6346371758371878,20.24886816496735,20.819892529289472,19.93436914574421,19.335634127259254,26.997702319052234,27.7641694261662,26.908833678601095,26.260992275908443,0.8878008586055472,0.876906264368737,0.8919404051251004,0.8992598502541294,26.29029690453059,27.266500239718756,25.601880486195036,24.484731580951426,35.15953366838722,36.82699776146942,34.50483913435551,33.315753149774984,3679,52.61267083033299,7.981985346886409,64.40147757542812,6.705626528948084
863609060735002.csv,0.6390238607057124,0.6375846790916262,0.6526460617594698,0.6615054375428387,29.925297841760624,30.41220317173201,29.190457941119963,28.021977273490577,41.69306204389967,41.7760927391625,40.898808665040875,40.37387112515887,0.8378005235406786,0.8327732900024624,0.8395302089113573,0.8457267370120151,43.60280753512804,44.505348343909546,42.60101209021556,40.933054495748316,64.79435474336658,65.79081525392884,64.44794721803432,63.1913709933944,5693,52.11264250036098,6.7189543446486155,64.63429931494818,6.631652907078869
863609060735135.csv,0.5083325537392825,0.5142812627181426,0.5242248082387646,0.5472770151929531,22.072636409303637,22.0966437678114,21.64823469286773,20.861989384339807,28.237474280084932,28.066131124994484,27.777363219538692,27.09607547625212,0.7895429764573667,0.7970709111134304,0.8044861798608045,0.8203845100565469,30.422667072919,30.330082294055345,29.71908486763067,28.21383788737845,41.47723962116488,40.72867544381327,39.97761345099995,38.31775244667305,6827,60.90538963258344,8.629674142068971,68.20375743371906,6.8579170938919
863609060735341.csv,0.5017854321447164,0.5094560942424937,0.5265150234992666,0.5426831338474823,16.873190196684313,16.629507453171303,16.448418946863896,15.84888076869156,21.472474997988567,21.306535448437124,20.932784207757592,20.572283662869,0.833890748703227,0.8429154638622206,0.8494612547555247,0.8495222240242961,21.19192972584017,20.622752037486055,20.454927067702506,20.056423554053794,28.740843121583975,27.949195450414468,27.360670733125737,27.35512953832108,5483,53.03445177998678,8.00305488660584,66.0496122560642,6.3596571220134965
863609060735457.csv,0.5357627057383332,0.5448624463054927,0.5494024209559535,0.5545105076060464,26.65401761487577,26.35978547176493,26.04191514094428,25.73357874057332,35.081092952007616,34.73557061820841,34.56189362601084,34.365434133242495,0.808005121404231,0.8127178862741341,0.8140626390536508,0.8182241426217818,36.19170907447323,36.57963755698774,35.58321766514753,34.83597196154582,49.476585415394794,48.865578951054324,48.6898266958922,48.141874712336396,3658,73.01569477978222,8.911408322307986,65.20557435757244,5.967468562055768
863609060735564.csv,0.8781492092631157,0.9134404224075598,0.9254899344869728,0.9326380095062785,33.21818066356803,27.31639306261868,23.889767794569085,22.472939283723015,41.68597478129812,35.134465398373955,32.5974222519457,30.994400560917814,0.9362617200158863,0.9644338021199516,0.9733807280092687,0.9756244932087382,52.806703628555404,41.119815047008935,33.93605115989751,32.17293902153664,74.51507352005574,55.662496996939964,48.15507364604015,46.080882893748495,1812,73.61023937590177,7.128427905311,61.768219646799125,5.751655629139073
863609060735630.csv,0.7571549318440891,0.7798458321495954,0.7968491031491265,0.7943475990972299,16.101928952816596,15.657753683979719,14.699748789137525,14.54511512811731,21.047074915649553,20.039669685939167,19.250254472017037,19.3684111176438,0.9151628195186606,0.9291337370621154,0.9365419917731143,0.9351301802263721,20.621086299526834,19.101360368692095,17.83217548314873,17.692367109359036,27.978483136144405,25.57118285067323,24.197710158560557,24.46540434080506,7059,54.45310882317882,8.07057664134048,66.34778155546111,6.100297492562686
863609060738808.csv,0.7203572661273796,0.74031806221409,0.7569966528086285,0.7794911422633793,18.62145367570527,18.234809309641467,17.230324222385335,16.115279082270867,24.737767799312252,23.838537658465263,23.06029543555677,21.96705102703104,0.9056048673228109,0.9212979153065994,0.9295206425279707,0.938866803584798,24.150190967766935,23.253912612017416,21.551455857573448,19.793884887281795,34.54886487886924,31.546566686599583,29.85313538039988,27.803376088947797,3304,49.71118036086359,7.516386549044556,65.51665677966102,6.518765133171913
863609060747098.csv,0.6174057498417289,0.6135818218881675,0.6340987548340531,0.6521890144272501,21.369183328167026,21.72173257229706,20.9707799377567,20.31076101073469,28.167048515265105,28.30745963045551,27.545716032663872,26.856150986420058,0.8525862124951461,0.8526185147542128,0.8623072223661412,0.8698777715720993,30.456481243435434,30.874542644426278,29.501516950292533,28.235793770157358,41.74258050966087,41.738006807475124,40.34277996984932,39.21804922183989,10175,70.354756234086,8.762395522753918,66.04334712530712,5.654742014742014
863609060747155.csv,0.5351064920864539,0.5196063150208798,0.5306365155470343,0.530414589407885,26.729490897368528,27.185776058909827,26.89435073016599,26.68447092497743,36.10652207602216,36.70350689717525,36.27968991086791,36.2882658443168,0.8499105586837168,0.8423112083214935,0.8490592595266219,0.8503454871920229,37.70448481490225,38.835257332291796,37.64334010384894,38.06754476014558,51.9144435726972,53.21248560363743,52.06146334719857,51.83917028088331,5591,59.36021172429871,7.584162237934976,63.134511715256664,6.665355034877481
863609060747387.csv,0.45770911960339156,0.4370739565973858,0.4618103067836652,0.4804813462058153,29.569674560811837,29.939363843392243,29.30957917711902,28.600420134860517,37.91293690378418,38.627530873489754,37.76930260068565,37.10836763534886,0.806880563145659,0.7994683197512396,0.8182679324862681,0.8220241713822989,38.91517784262503,38.8470106095301,37.93067288425667,37.39782707363609,52.61913048924096,53.61942723004615,51.04420660343467,50.51393323539361,1498,56.668005643341345,7.836122546723634,64.1108217623498,7.080774365821095
863609060750928.csv,0.2283100020170139,0.4241194881925572,0.4098698791219878,0.36136388097340966,17.793088335716707,15.255433052498425,15.306928988991563,15.642467433756048,22.651229207470156,19.567553505889734,19.808164320737117,20.606160471709938,0.8042013144063298,0.8715350103087869,0.8823431611713268,0.8861186534249031,21.48302991805895,17.171163570541022,16.022231203603855,16.412714904209352,27.74623193483483,22.47457663504992,21.508380660466187,21.160475528531055,438,82.93212962608173,6.957725307806378,62.97941552511415,4.840182648401827
863609060751108.csv,0.5699136523683148,0.5750459642123366,0.5908715789328247,0.5922626527165027,29.67655011235653,29.384656320701964,28.548687606848034,28.303718692966616,38.09763532779167,37.86963951386689,37.15780205976026,37.09457832177763,0.8755736424553465,0.8814484179498351,0.8875157931935722,0.886456701985525,40.129403135273655,38.98392876202469,37.66977587499793,38.02351297479768,53.868652235944786,52.581575286279616,51.218362681141514,51.458920140025704,7031,64.7696686323991,6.817959184101106,63.369227136964874,6.2409330109515
863609060751819.csv,0.5045617154105374,0.48613137407114293,0.51472601094982,0.5107768791714813,28.207397933935766,28.6837844257749,27.51865568165978,27.321784728198253,37.32539308200937,38.01330759138667,36.9405294083252,37.09053479345751,0.8312103495023873,0.8170490089146004,0.832103977871732,0.8330087864379973,40.765444222688835,42.61865158010977,39.57518973555901,39.25547627535733,55.93106193021386,58.23010073181666,55.78280664917684,55.63229401280035,6619,54.220452933217075,7.250605945620835,62.78244704638163,6.14760537845596
863609060752569.csv,0.6234048947877602,0.6404526534627996,0.6544818486948194,0.6674237927262588,18.085216337068054,17.455536613628645,17.018060924499316,16.759487291661703,24.31973171997315,23.762902619561395,23.294686921671587,22.854253085907164,0.8191205545717732,0.8377895197615423,0.8447583242475909,0.8553098127694438,27.681140356543523,25.973923376576423,25.23365186732013,23.91309068889222,38.01471021810291,35.999505100324114,35.21772001095127,33.999819752360864,6558,45.64172602952714,8.125686542276004,65.3623042086002,6.076547727965843
863609061110692.csv,0.6983910284080905,0.7124389226941896,0.7487013561094602,0.7619577828025336,30.39001848508403,29.725360367022784,27.07027646576347,25.750482377168364,40.95398618817778,39.98886728248718,37.38256731858092,36.38321266579655,0.8516056323607424,0.8661917790804782,0.8860842257597371,0.8913786302416998,44.25133622359711,42.948859482306204,37.9476794699775,36.57923795506872,63.546850846820604,60.34297571094064,55.67718348871889,54.36795055036506,5919,61.35589045867221,8.524738244056724,62.954556343977025,6.6583882412569695
863609061112920.csv,0.6089885987985446,0.6234635391926533,0.6421768560500813,0.656905190560894,41.13696715616373,39.899882660746144,38.54680497133602,37.48937652147188,51.90433357656385,50.9345445366754,49.652728936812785,48.620115118997106,0.8597423978540856,0.8794604522230836,0.8851303237696901,0.8898144035468363,57.78029520249548,53.63646971778955,51.815674618575834,50.714535773852916,77.84696814952513,72.16776855806644,70.45003230859984,68.99870052168517,5278,93.58576385602315,7.641664476237483,71.49905380826071,7.543387646835923
863609061115709.csv,0.5477290179494715,0.5485131839593607,0.5504814231710413,0.5641906301321633,28.926477558216696,28.923182069199033,28.525633425354734,27.704871403437537,38.73570614138558,38.70211079345181,38.61765847802811,38.0242272699934,0.8366717658713189,0.8335508203013322,0.8387498852874887,0.845799894720574,40.60364393259686,41.52529353965173,40.372476239170155,38.57195253711213,56.15935596587919,56.69337543466293,55.80093827325837,54.567470268889174,4144,66.49566711560132,9.019360258544014,65.59460038610038,7.2007722007722
863609061120394.csv,0.5600037601515158,0.5583594165403865,0.5853727983381353,0.5867393373277835,17.426272816191013,17.579441667416713,16.977198144090536,16.412160824313187,23.951553317313525,23.99626717157298,23.250810497155804,23.212463565417032,0.7874175599604605,0.8040108423520733,0.8083459939363309,0.8111632568823811,23.289397046833773,22.856410082165215,22.44896470240706,21.415806663263186,33.45021619074742,32.118204453424,31.76100132794774,31.52669795223662,5049,33.65853222953538,6.606099618184648,76.13349534561299,5.148148148148148
863609061120519.csv,0.5450789601741755,0.5484095426014157,0.5739914185096582,0.5662024243619039,17.985358817109873,18.375401024925463,17.568111773339588,17.763191961799496,23.053656834826977,22.969111222169236,22.309045353844855,22.512067012759395,0.877817305667351,0.8796215694763967,0.8902276824101616,0.889582092145333,22.92470796306337,23.38175287630542,22.15373132230409,22.170195761181155,30.5260428796457,30.29981657272879,28.934239884664365,29.019198824544333,1884,57.68369272600892,8.87777382475624,64.88375318471338,6.072186836518047
863609061124826.csv,0.7186646065347195,0.7407733008675058,0.7575364984172096,0.7698474944898666,16.027362192484357,15.625660267222257,14.80334042179055,13.98998430046549,21.7562269374517,20.88388336750306,20.197358797689024,19.677922588510164,0.8976340026729456,0.9109880382641753,0.9172942778061215,0.9251446474537871,23.320097214261207,21.95922936685599,20.845724196378438,19.197817972809297,33.034450226504696,30.8044464324613,29.693199871814805,28.248842193249885,4128,44.95664790380256,6.698900709512554,64.88856807170542,5.965600775193798
863609061129528.csv,0.3412659013136029,0.38475427096620074,0.402159446884055,0.3612219539077698,27.38266475380409,27.325776355490934,26.623963491966574,27.133214766564578,36.0092921286678,34.80036631665952,34.30458716324394,35.45965472343287,0.5154993326034296,0.5702597725860776,0.5949528000396727,0.5339610099469343,38.84373140866019,39.61552736385128,37.760084926201316,38.71978455288395,61.119745664589324,57.5621959035263,55.88395904350857,59.94396620727861,1380,61.067264091169996,7.4070079308739105,74.13478260869566,6.621739130434783
863609061131185.csv,0.4619765808048637,0.4439327462026458,0.47529068120731477,0.4403913476435689,16.894935141547933,17.310152247088,16.75702050806505,17.108422366055585,21.746729262540192,22.108384955912264,21.475967907505577,22.178673522367603,0.8435003201514136,0.8394433340074761,0.8511643651197897,0.8297837770550626,22.056890569285294,22.453261309565587,21.512274682411842,22.4033302993775,31.27458171585698,31.67735807687739,30.499185778014283,32.61634242041753,2417,54.0372778030738,7.970521957462617,65.70541952834093,6.44104261481175
863609061132563.csv,0.7308721064885062,0.7213936516154074,0.725515632919867,0.7494929623955235,16.92856548258941,16.749164328901923,16.174273723461475,15.783816945963924,22.28225766708927,22.671243422035815,22.502907932253848,21.497591273630647,0.8851890531143822,0.886159689156616,0.8967530591233619,0.8959452153958042,21.639044612299983,21.02894142660912,19.851020840448292,19.87699803900221,28.385582646810096,28.265339104852675,26.91812218043899,27.0232258524021,870,62.21698897706785,8.718725697688155,67.54367586206897,6.4735632183908045
863609061134593.csv,0.4123818385047725,0.4012622075210047,0.4193697485410064,0.4261668992557389,20.518219035103428,20.734981487133837,20.421778251515004,20.06824104531297,26.597655652649316,26.84813296435617,26.43903402429297,26.283824108832626,0.775293516721917,0.7714531172737703,0.7785121543649649,0.7825330749252071,25.871540212067284,26.21343410575724,25.69126413379678,25.107653319979985,35.20131098612666,35.50084477203908,34.94829443783459,34.629613416541034,3603,59.715108878187884,8.344827794052332,67.0302631140716,6.824035525950597
863609061139345.csv,0.7761636525783719,0.7988930365056539,0.8239253169406224,0.8326014316396213,26.86746935622385,25.651175977454127,23.23410507952094,22.93700990481505,34.78491353749849,32.971535836940056,30.85134346057361,30.08163883561105,0.9114943121595247,0.9280964853025168,0.9403360890296661,0.9437469475594618,39.46080780252812,36.73414159946674,32.49454906189271,31.772652204312273,53.79872593719945,48.49103565918205,44.17151133657451,42.89033582308511,7806,58.83972647582479,7.851149458465095,63.18793761209326,6.316807583909813
863609061229534.csv,0.6494613096970678,0.6429300855807558,0.6879608586021544,0.6817702493953973,23.868156880107666,24.002270726928042,22.673858326815115,22.175089875659342,32.098419122468854,32.39606736649488,30.284485563165294,30.583420281118915,0.8386285840161944,0.8338033330828544,0.8592271048939986,0.8520971351273295,34.373988871892934,34.70757199660854,31.634343440730337,31.391824417476414,50.97276568160033,51.729234079852596,47.60849079759684,48.79925439452999,3011,65.0102601614889,8.18842974575973,63.570573563600135,7.2896047824642975
863609061230631.csv,0.4868961237071472,0.6717405363979954,0.3796516821736785,-1.5731948805450533,36.386207583604346,29.771005291005288,37.31666666666667,81.0419532775879,41.124085111540694,32.89290488893019,45.21800587769827,92.09370405340691,0.4868961237071472,0.6717405363979952,0.3796516821736785,-1.5731948805450533,36.386207583604346,29.771005291005288,37.31666666666667,81.0419532775879,41.124085111540694,32.89290488893019,45.21800587769827,92.09370405340691,25,41.21066381282213,9.343038011857585,80.4,6.64
863609061258335.csv,0.5885019918196442,0.6030738998517085,0.6048448681004387,0.6253676961201367,23.107254771181665,22.80198992497686,22.528088203177898,21.562562951054122,30.167536025232057,29.62857742416631,29.562406506388974,28.784492902867573,0.8784958013199243,0.8862792770852347,0.8864429321231886,0.8956854012384498,31.00361234247661,29.691672342904535,29.416084289368992,27.763575072634413,41.64018445434777,40.2843914796689,40.25539449014274,38.58242741304404,5018,64.3609510151429,9.430541678991373,63.85691689916302,6.72718214428059
863609061275099.csv,0.710189884061586,0.7005819761340599,0.7054370082744752,0.700619219404373,21.479955159319392,20.820353948882136,20.40135890553922,20.107942937368293,32.108907235202835,32.636811639844915,32.371128979522524,32.6347818031263,0.9398957724120629,0.9489410403219167,0.9321765577561726,0.9417582016914872,20.503818670897644,20.905961121060592,25.274578013657855,21.769149800141445,35.86634659230249,33.057546059165595,38.099962188206895,35.30628469153089,411,39.675094018541316,6.884260006861374,68.98540875912408,6.133819951338199
