start_time,end_time,mean_speed,actual,pred_linear,res_linear,abs_linear,pred_rf,res_rf,abs_rf,pred_ada,res_ada,abs_ada,pred_mlp,res_mlp,abs_mlp
2025-07-09 17:05:10.000,2025-07-09 17:06:11.000,105.66666666666667,194.0,226.6956040483648,-32.6956040483648,32.6956040483648,229.03729363559938,-35.03729363559938,35.03729363559938,215.93617021276594,-21.936170212765944,21.936170212765944,219.69789,-25.697891235351562,25.697891235351562
2025-07-28 06:03:34.000,2025-07-28 06:04:35.000,100.33333333333333,207.0,231.7133760363622,-24.713376036362206,24.713376036362206,162.90138820375873,44.09861179624127,44.09861179624127,230.48076923076923,-23.480769230769226,23.480769230769226,221.38982,-14.389816284179688,14.389816284179688
2025-07-31 16:31:51.000,2025-07-31 16:32:52.000,128.5,316.0,280.80104584210756,35.198954157892445,35.198954157892445,248.47723178747586,67.52276821252414,67.52276821252414,322.8333333333333,-6.833333333333314,6.833333333333314,303.25684,12.7431640625,12.7431640625
2025-07-08 09:02:50.000,2025-07-08 09:03:50.000,109.6,239.0,238.18137698615186,0.8186230138481392,0.8186230138481392,250.2016617558344,-11.201661755834408,11.201661755834408,230.94578313253012,8.054216867469876,8.054216867469876,231.68489,7.3151092529296875,7.3151092529296875
2025-09-18 14:29:10.000,2025-09-18 14:30:11.000,50.6,72.0,101.8505249172556,-29.850524917255598,29.850524917255598,104.65911148854636,-32.65911148854636,32.65911148854636,82.5040650406504,-10.504065040650403,10.504065040650403,84.94815,-12.948150634765625,12.948150634765625
2025-07-24 16:03:40.000,2025-07-24 16:04:41.000,125.66666666666667,344.0,285.6898025685973,58.310197431402685,58.310197431402685,285.0487977348007,58.9512022651993,58.9512022651993,303.46666666666664,40.53333333333336,40.53333333333336,301.80292,42.19708251953125,42.19708251953125
2025-07-17 14:47:13.000,2025-07-17 14:48:13.000,112.6,233.0,252.4789923728367,-19.4789923728367,19.4789923728367,221.88339319033344,11.116606809666564,11.116606809666564,244.5595238095238,-11.559523809523796,11.559523809523796,262.57617,-29.576171875,29.576171875
2025-07-09 18:05:28.000,2025-07-09 18:06:28.000,126.0,365.0,288.4712946777048,76.5287053222952,76.5287053222952,274.5530923158939,90.44690768410612,90.44690768410612,318.3829787234043,46.61702127659572,46.61702127659572,310.61884,54.38116455078125,54.38116455078125
2025-09-09 15:48:59.000,2025-09-09 15:49:59.000,86.0,92.0,177.37741487561684,-85.37741487561684,85.37741487561684,133.28305851192934,-41.28305851192934,41.28305851192934,125.88157894736842,-33.881578947368425,33.881578947368425,133.98698,-41.98698425292969,41.98698425292969
2025-09-16 10:16:47.000,2025-09-16 10:17:47.000,28.4,49.0,48.927027366168005,0.07297263383199493,0.07297263383199493,91.14827027914556,-42.148270279145564,42.148270279145564,45.20786516853933,3.7921348314606718,3.7921348314606718,43.39324,5.606758117675781,5.606758117675781
2025-09-18 13:18:39.000,2025-09-18 13:19:40.000,26.0,63.0,38.720612647833924,24.279387352166076,24.279387352166076,57.08427515527579,5.91572484472421,5.91572484472421,38.66949152542373,24.33050847457627,24.33050847457627,52.517902,10.482097625732422,10.482097625732422
2025-09-18 13:35:45.000,2025-09-18 13:36:45.000,83.2,150.0,177.30338764137394,-27.303387641373945,27.303387641373945,163.86882036950968,-13.868820369509677,13.868820369509677,126.84905660377359,23.15094339622641,23.15094339622641,134.67493,15.3250732421875,15.3250732421875
2025-07-08 05:27:18.000,2025-07-08 05:28:18.000,75.4,134.0,152.69395545795305,-18.693955457953052,18.693955457953052,153.92609698295624,-19.92609698295624,19.92609698295624,113.21804511278195,20.78195488721805,20.78195488721805,97.54648,36.453521728515625,36.453521728515625
2025-07-28 07:45:03.000,2025-07-28 07:46:03.000,3.0,15.0,0.0,15.0,15.0,103.42299703543782,-88.42299703543782,88.42299703543782,15.397435897435898,-0.3974358974358978,0.3974358974358978,12.964435,2.0355653762817383,2.0355653762817383
2025-07-21 06:11:40.000,2025-07-21 06:12:41.000,112.0,294.0,270.40215024763313,23.59784975236687,23.59784975236687,256.2523397871732,37.747660212826815,37.747660212826815,237.47272727272727,56.52727272727273,56.52727272727273,230.35457,63.64543151855469,63.64543151855469
2025-09-16 15:33:49.000,2025-09-16 15:34:49.000,37.8,6.0,52.43769224122897,-46.43769224122897,46.43769224122897,60.238862632591555,-54.238862632591555,54.238862632591555,54.70609318996416,-48.70609318996416,48.70609318996416,44.335636,-38.335636138916016,38.335636138916016
2025-07-21 07:38:26.000,2025-07-21 07:39:26.000,60.166666666666664,28.0,59.414698088345304,-31.414698088345304,31.414698088345304,64.63721867745005,-36.63721867745005,36.63721867745005,73.26515151515152,-45.265151515151516,45.265151515151516,71.49068,-43.49067687988281,43.49067687988281
2025-07-24 16:53:54.000,2025-07-24 16:54:54.002,32.833333333333336,88.0,52.764712487611995,35.235287512388005,35.235287512388005,57.58326710076332,30.416732899236678,30.416732899236678,58.12107623318386,29.878923766816143,29.878923766816143,49.684418,38.315582275390625,38.315582275390625
2025-07-31 16:25:50.000,2025-07-31 16:26:50.000,127.16666666666667,283.0,290.03320526262314,-7.033205262623142,7.033205262623142,212.7995967118409,70.2004032881591,70.2004032881591,312.4039215686274,-29.403921568627425,29.403921568627425,324.85342,-41.853424072265625,41.853424072265625
2025-07-24 15:19:30.000,2025-07-24 15:20:30.000,120.66666666666667,236.0,264.37585824620885,-28.37585824620885,28.37585824620885,283.30721380012017,-47.30721380012017,47.30721380012017,285.25657894736844,-49.25657894736844,49.25657894736844,273.51605,-37.51605224609375,37.51605224609375
2025-07-31 16:33:52.000,2025-07-31 16:34:52.000,129.0,292.0,307.287783662523,-15.287783662522997,15.287783662522997,246.62209516943346,45.377904830566536,45.377904830566536,324.1774193548387,-32.17741935483872,32.17741935483872,311.2229,-19.222900390625,19.222900390625
2025-09-09 15:37:55.000,2025-09-09 15:38:55.000,15.333333333333334,36.0,23.760845336268996,12.239154663731004,12.239154663731004,96.72632264189664,-60.726322641896644,60.726322641896644,15.863157894736842,20.136842105263156,20.136842105263156,35.404964,0.5950355529785156,0.5950355529785156
2025-07-28 06:40:46.000,2025-07-28 06:41:46.000,120.66666666666667,311.0,279.3171776318193,31.682822368180723,31.682822368180723,282.2696417345791,28.730358265420875,28.730358265420875,286.56617647058823,24.433823529411768,24.433823529411768,276.35666,34.643341064453125,34.643341064453125
2025-07-24 16:49:54.000,2025-07-24 16:50:54.000,42.166666666666664,70.0,64.18145868978348,5.818541310216517,5.818541310216517,61.47809823568097,8.521901764319033,8.521901764319033,64.91772151898734,5.082278481012665,5.082278481012665,93.98921,-23.989212036132812,23.989212036132812
2025-07-08 05:34:20.000,2025-07-08 05:35:20.000,45.4,65.0,92.01545204192823,-27.015452041928228,27.015452041928228,104.15438301494979,-39.15438301494979,39.15438301494979,64.53488372093024,0.46511627906976116,0.46511627906976116,64.131355,0.8686447143554688,0.8686447143554688
2025-07-17 15:09:19.000,2025-07-17 15:10:20.000,130.5,328.0,294.1167121963041,33.88328780369591,33.88328780369591,285.0374928612999,42.96250713870012,42.96250713870012,324.4154929577465,3.584507042253506,3.584507042253506,328.1682,-0.168212890625,0.168212890625
2025-07-07 06:13:12.000,2025-07-07 06:14:12.000,122.83333333333333,199.0,268.6144691665188,-69.6144691665188,69.6144691665188,256.03466004374997,-57.034660043749966,57.034660043749966,289.86021505376345,-90.86021505376345,90.86021505376345,299.59854,-100.59854125976562,100.59854125976562
2025-07-08 05:13:13.000,2025-07-08 05:14:13.000,36.166666666666664,43.0,47.126831441234664,-4.126831441234664,4.126831441234664,55.99585128949384,-12.995851289493842,12.995851289493842,58.92605633802817,-15.926056338028168,15.926056338028168,46.48521,-3.485210418701172,3.485210418701172
2025-07-21 05:20:25.000,2025-07-21 05:21:25.000,44.0,68.0,78.56744996821712,-10.567449968217119,10.567449968217119,99.41139478483164,-31.411394784831643,31.411394784831643,57.45217391304348,10.547826086956519,10.547826086956519,69.103806,-1.1038055419921875,1.1038055419921875
2025-07-28 05:38:25.000,2025-07-28 05:39:26.000,116.5,212.0,276.12537936150375,-64.12537936150375,64.12537936150375,267.4878656168711,-55.48786561687109,55.48786561687109,240.6728971962617,-28.672897196261687,28.672897196261687,250.28445,-38.284454345703125,38.284454345703125
2025-07-28 06:34:45.000,2025-07-28 06:35:45.000,120.66666666666667,295.0,273.3840468287656,21.615953171234423,21.615953171234423,282.7344890231281,12.265510976871894,12.265510976871894,285.63313609467457,9.366863905325431,9.366863905325431,279.40686,15.5931396484375,15.5931396484375
2025-07-31 15:16:33.000,2025-07-31 15:17:33.000,127.0,304.0,302.0524225006167,1.9475774993833284,1.9475774993833284,280.9896191291354,23.010380870864594,23.010380870864594,315.1224489795918,-11.122448979591809,11.122448979591809,296.81012,7.18988037109375,7.18988037109375
2025-09-16 15:13:42.000,2025-09-16 15:14:43.000,66.5,149.0,142.62002842884,6.379971571160013,6.379971571160013,99.98731204517753,49.01268795482247,49.01268795482247,125.32530120481928,23.674698795180717,23.674698795180717,123.45227,25.5477294921875,25.5477294921875
2025-07-21 06:12:41.000,2025-07-21 06:13:41.000,111.33333333333333,261.0,255.12148657280127,5.878513427198726,5.878513427198726,266.77276445390936,-5.77276445390936,5.77276445390936,236.1602564102564,24.83974358974359,24.83974358974359,238.5046,22.495407104492188,22.495407104492188
2025-07-31 16:48:56.000,2025-07-31 16:49:56.000,47.166666666666664,56.0,56.11597996136102,-0.1159799613610204,0.1159799613610204,61.09879401911228,-5.098794019112283,5.098794019112283,65.31111111111112,-9.311111111111117,9.311111111111117,50.415714,5.584285736083984,5.584285736083984
2025-07-21 06:51:14.000,2025-07-21 06:52:14.000,116.33333333333333,297.0,266.91241184108026,30.087588158919743,30.087588158919743,269.13565855224874,27.864341447751258,27.864341447751258,241.7,55.30000000000001,55.30000000000001,260.5662,36.433807373046875,36.433807373046875
2025-09-18 13:15:38.000,2025-09-18 13:16:38.000,27.75,39.0,26.221065423809804,12.778934576190196,12.778934576190196,51.268167228950276,-12.268167228950276,12.268167228950276,38.142857142857146,0.8571428571428541,0.8571428571428541,37.435978,1.5640220642089844,1.5640220642089844
2025-07-17 14:43:12.000,2025-07-17 14:44:12.000,48.5,66.0,103.56993303996488,-37.56993303996488,37.56993303996488,68.3970002444658,-2.3970002444658007,2.3970002444658007,80.70289855072464,-14.70289855072464,14.70289855072464,85.10036,-19.100357055664062,19.100357055664062
2025-07-09 17:22:14.000,2025-07-09 17:23:15.000,107.6,195.0,232.29543000373192,-37.29543000373192,37.29543000373192,262.0440992311088,-67.04409923110882,67.04409923110882,214.5677966101695,-19.567796610169495,19.567796610169495,226.95134,-31.951339721679688,31.951339721679688
2025-07-09 16:56:08.000,2025-07-09 16:57:08.000,87.25,83.0,173.56201490358862,-90.56201490358862,90.56201490358862,115.39704905674192,-32.39704905674192,32.39704905674192,116.87142857142857,-33.87142857142857,33.87142857142857,125.64746,-42.6474609375,42.6474609375
2025-09-05 06:39:22.000,2025-09-05 06:40:22.000,1.0,10.0,0.0,10.0,10.0,109.25200754088138,-99.25200754088138,99.25200754088138,15.397435897435898,-5.397435897435898,5.397435897435898,12.670642,-2.6706418991088867,2.6706418991088867
2025-07-09 18:02:28.000,2025-07-09 18:03:28.000,127.33333333333333,215.0,294.61222473463613,-79.61222473463613,79.61222473463613,285.1378671205288,-70.13786712052882,70.13786712052882,316.7857142857143,-101.78571428571428,101.78571428571428,313.51624,-98.5162353515625,98.5162353515625
2025-07-07 18:43:37.000,2025-07-07 18:44:37.000,86.5,116.0,193.0047552708779,-77.0047552708779,77.0047552708779,154.6529084920375,-38.65290849203751,38.65290849203751,124.16666666666667,-8.166666666666671,8.166666666666671,127.644455,-11.644454956054688,11.644454956054688
2025-09-18 14:27:09.000,2025-09-18 14:28:09.000,36.0,56.0,71.36970027114671,-15.369700271146712,15.369700271146712,96.28540627966814,-40.28540627966814,40.28540627966814,69.22260273972603,-13.222602739726028,13.222602739726028,67.449394,-11.449394226074219,11.449394226074219
2025-09-16 05:27:31.000,2025-09-16 05:27:47.000,9.5,6.0,26.796738187734775,-20.796738187734775,20.796738187734775,68.25951150844355,-62.25951150844355,62.25951150844355,15.556451612903226,-9.556451612903226,9.556451612903226,27.86515,-21.865150451660156,21.865150451660156
2025-07-09 05:12:18.000,2025-07-09 05:13:18.000,19.6,38.0,21.42931683102735,16.57068316897265,16.57068316897265,106.30110860545928,-68.30110860545928,68.30110860545928,31.64788732394366,6.35211267605634,6.35211267605634,26.2603,11.739700317382812,11.739700317382812
2025-07-08 05:19:16.000,2025-07-08 05:20:17.000,24.2,40.0,25.41433217612709,14.58566782387291,14.58566782387291,57.06962303694559,-17.069623036945593,17.069623036945593,40.53968253968254,-0.5396825396825378,0.5396825396825378,45.302,-5.301998138427734,5.301998138427734
2025-07-08 13:09:48.000,2025-07-08 13:10:48.000,102.6,231.0,233.78250378669807,-2.782503786698072,2.782503786698072,221.10821729713376,9.891782702866237,9.891782702866237,218.49056603773585,12.509433962264154,12.509433962264154,231.07323,-0.0732269287109375,0.0732269287109375
2025-07-17 14:42:12.000,2025-07-17 14:43:12.000,48.2,73.0,96.14894776916375,-23.148947769163755,23.148947769163755,88.34315590517043,-15.343155905170434,15.343155905170434,65.28318584070796,7.716814159292042,7.716814159292042,54.412445,18.587554931640625,18.587554931640625
2025-07-08 09:47:01.000,2025-07-08 09:48:01.000,121.16666666666667,366.0,275.95536664731185,90.04463335268815,90.04463335268815,244.20131532311285,121.79868467688715,121.79868467688715,291.6258064516129,74.3741935483871,74.3741935483871,319.5025,46.49749755859375,46.49749755859375
2025-07-10 15:10:39.000,2025-07-10 15:12:52.000,11.0,7.0,21.026758911321448,-14.026758911321448,14.026758911321448,103.42600305663733,-96.42600305663733,96.42600305663733,15.422018348623853,-8.422018348623853,8.422018348623853,14.184942,-7.184942245483398,7.184942245483398
2025-07-10 06:15:28.000,2025-07-10 06:16:29.000,21.833333333333332,32.0,5.990150561294065,26.009849438705935,26.009849438705935,54.720360025494486,-22.720360025494486,22.720360025494486,37.30769230769231,-5.307692307692307,5.307692307692307,34.88139,-2.881389617919922,2.881389617919922
2025-07-08 13:15:49.000,2025-07-08 13:16:49.001,102.0,214.0,235.08074328522483,-21.080743285224827,21.080743285224827,245.26267785571395,-31.262677855713946,31.262677855713946,209.58536585365854,4.414634146341456,4.414634146341456,192.22029,21.779708862304688,21.779708862304688
2025-07-04 06:27:43.000,2025-07-04 06:28:44.000,121.66666666666667,257.0,262.51840246712686,-5.518402467126862,5.518402467126862,245.18074207310997,11.819257926890032,11.819257926890032,284.0103626943005,-27.01036269430051,27.01036269430051,287.52594,-30.52593994140625,30.52593994140625
2025-07-08 10:07:06.000,2025-07-08 10:08:07.000,83.33333333333333,72.0,121.02531940302924,-49.02531940302924,49.02531940302924,69.65567072749958,2.344329272500417,2.344329272500417,109.8256880733945,-37.8256880733945,37.8256880733945,109.22874,-37.228736877441406,37.228736877441406
2025-07-24 15:55:38.000,2025-07-24 15:56:39.000,126.6,297.0,268.2393494394662,28.760650560533804,28.760650560533804,260.3644794548962,36.635520545103816,36.635520545103816,312.2857142857143,-15.285714285714278,15.285714285714278,285.42725,11.57275390625,11.57275390625
2025-07-21 07:15:20.000,2025-07-21 07:16:20.001,116.5,237.0,275.89255984169426,-38.892559841694265,38.892559841694265,267.21559914624146,-30.21559914624146,30.21559914624146,239.3398058252427,-2.3398058252427063,2.3398058252427063,247.72609,-10.726089477539062,10.726089477539062
2025-07-17 16:30:11.000,2025-07-17 16:31:11.000,127.66666666666667,340.0,295.88317721804003,44.11682278195997,44.11682278195997,285.22261847449727,54.77738152550273,54.77738152550273,321.4146341463415,18.585365853658516,18.585365853658516,315.35376,24.646240234375,24.646240234375
2025-07-04 07:51:53.000,2025-07-04 07:52:53.000,127.5,361.0,291.2705360574098,69.7294639425902,69.7294639425902,285.168820358988,75.831179641012,75.831179641012,322.6326530612245,38.36734693877548,38.36734693877548,322.03223,38.9677734375,38.9677734375
2025-09-05 10:20:02.000,2025-09-05 10:21:02.000,44.166666666666664,77.0,87.53401183757171,-10.534011837571711,10.534011837571711,111.10444669483884,-34.10444669483884,34.10444669483884,61.94736842105263,15.05263157894737,15.05263157894737,83.11101,-6.1110076904296875,6.1110076904296875
2025-09-10 15:22:36.000,2025-09-10 15:23:36.000,94.0,184.0,201.8557003906571,-17.85570039065709,17.85570039065709,178.06679097198972,5.933209028010282,5.933209028010282,136.31578947368422,47.68421052631578,47.68421052631578,167.3744,16.625595092773438,16.625595092773438
2025-09-09 06:11:37.000,2025-09-09 06:12:37.000,82.16666666666667,126.0,168.28586407066413,-42.28586407066413,42.28586407066413,126.31228130796767,-0.31228130796766607,0.31228130796766607,120.7611111111111,5.238888888888894,5.238888888888894,138.82018,-12.820175170898438,12.820175170898438
2025-07-04 07:59:57.000,2025-07-04 08:00:57.000,130.4,359.0,289.21473072967706,69.78526927032294,69.78526927032294,284.96223613210583,74.03776386789417,74.03776386789417,324.3189655172414,34.681034482758605,34.681034482758605,325.42426,33.57574462890625,33.57574462890625
2025-09-16 10:39:53.000,2025-09-16 10:40:54.000,62.666666666666664,145.0,138.37514557178486,6.624854428215144,6.624854428215144,68.44796170258668,76.55203829741332,76.55203829741332,117.29885057471265,27.701149425287355,27.701149425287355,110.04925,34.95075225830078,34.95075225830078
2025-07-08 12:55:43.001,2025-07-08 12:56:44.000,65.75,72.0,107.63697797292338,-35.636977972923376,35.636977972923376,60.95263201618154,11.04736798381846,11.04736798381846,75.21481481481482,-3.2148148148148152,3.2148148148148152,62.502316,9.497684478759766,9.497684478759766
2025-07-17 15:39:57.000,2025-07-17 15:40:57.000,130.0,351.0,293.3384962290826,57.66150377091742,57.66150377091742,281.03254404492617,69.96745595507383,69.96745595507383,323.8758620689655,27.12413793103451,27.12413793103451,332.45084,18.549163818359375,18.549163818359375
2025-07-09 16:53:06.000,2025-07-09 16:54:06.000,86.0,145.0,186.22637010062343,-41.22637010062343,41.22637010062343,125.537983253598,19.462016746402,19.462016746402,134.7157894736842,10.284210526315803,10.284210526315803,147.87947,-2.8794708251953125,2.8794708251953125
2025-07-17 16:29:11.000,2025-07-17 16:30:11.000,121.8,318.0,280.4769639674415,37.52303603255848,37.52303603255848,257.63345139468186,60.366548605318144,60.366548605318144,291.2929936305732,26.70700636942678,26.70700636942678,307.9304,10.069610595703125,10.069610595703125
2025-09-18 13:26:42.000,2025-09-18 13:27:42.000,86.5,133.0,202.07611868756828,-69.07611868756828,69.07611868756828,156.8762583984594,-23.876258398459413,23.876258398459413,130.57777777777778,2.422222222222217,2.422222222222217,128.30682,4.69317626953125,4.69317626953125
2025-07-31 15:50:43.000,2025-07-31 15:51:43.000,133.16666666666666,315.0,294.5718349137186,20.42816508628141,20.42816508628141,206.1231921048465,108.87680789515349,108.87680789515349,324.4421768707483,-9.442176870748312,9.442176870748312,344.3431,-29.343109130859375,29.343109130859375
2025-07-21 05:57:36.000,2025-07-21 05:58:36.000,111.33333333333333,147.0,254.40467596255675,-107.40467596255675,107.40467596255675,266.6317008425206,-119.63170084252062,119.63170084252062,236.27272727272728,-89.27272727272728,89.27272727272728,236.53687,-89.536865234375,89.536865234375
2025-07-09 18:04:28.000,2025-07-09 18:05:28.000,108.16666666666667,341.0,239.74097910529915,101.25902089470085,101.25902089470085,214.47175781807505,126.52824218192495,126.52824218192495,243.8849557522124,97.11504424778761,97.11504424778761,253.13533,87.86466979980469,87.86466979980469
2025-09-16 10:18:47.000,2025-09-16 10:19:47.000,85.5,166.0,173.69214078124443,-7.692140781244433,7.692140781244433,133.18049782224747,32.819502177752526,32.819502177752526,116.60526315789474,49.39473684210526,49.39473684210526,114.4011,51.598899841308594,51.598899841308594
2025-07-31 16:32:52.000,2025-07-31 16:33:52.000,127.0,311.0,280.230576899536,30.769423100463996,30.769423100463996,284.2564643851957,26.743535614804273,26.743535614804273,312.2244897959184,-1.2244897959183731,1.2244897959183731,304.55603,6.4439697265625,6.4439697265625
2025-07-24 16:17:44.000,2025-07-24 16:18:45.000,125.0,258.0,302.8648587204516,-44.86485872045159,44.86485872045159,272.25463646258453,-14.254636462584529,14.254636462584529,298.48136645962734,-40.48136645962734,40.48136645962734,288.8812,-30.881195068359375,30.881195068359375
2025-07-09 05:14:19.000,2025-07-09 05:15:19.000,33.833333333333336,17.0,36.85238937980172,-19.85238937980172,19.85238937980172,106.86254195287519,-89.86254195287519,89.86254195287519,52.694117647058825,-35.694117647058825,35.694117647058825,46.12747,-29.12746810913086,29.12746810913086
2025-07-08 12:08:30.000,2025-07-08 12:09:13.000,4.0,10.0,0.003236235322537695,9.996763764677462,9.996763764677462,51.44313846209043,-41.44313846209043,41.44313846209043,15.397435897435898,-5.397435897435898,5.397435897435898,13.002468,-3.0024681091308594,3.0024681091308594
2025-07-18 16:39:09.000,2025-07-18 16:40:09.000,24.333333333333332,46.0,30.77410475475066,15.22589524524934,15.22589524524934,56.71943126053702,-10.719431260537021,10.719431260537021,40.67272727272727,5.327272727272728,5.327272727272728,49.443714,-3.443714141845703,3.443714141845703
2025-07-17 16:17:08.000,2025-07-17 16:18:08.000,125.0,185.0,302.82548535679496,-117.82548535679496,117.82548535679496,272.3913055564049,-87.39130555640492,87.39130555640492,298.80337078651684,-113.80337078651684,113.80337078651684,288.99475,-103.9947509765625,103.9947509765625
2025-07-04 06:21:39.000,2025-07-04 06:22:40.000,126.33333333333333,348.0,265.47515034261016,82.52484965738984,82.52484965738984,204.89494803042928,143.10505196957072,143.10505196957072,306.48148148148147,41.51851851851853,41.51851851851853,280.11545,67.88455200195312,67.88455200195312
2025-07-21 05:40:30.000,2025-07-21 05:41:30.000,109.66666666666667,275.0,245.68694439248267,29.313055607517327,29.313055607517327,265.1826590408298,9.817340959170224,9.817340959170224,231.64117647058825,43.35882352941175,43.35882352941175,226.45999,48.540008544921875,48.540008544921875
2025-09-16 15:27:48.000,2025-09-16 15:28:48.000,85.33333333333333,125.0,174.39829999044204,-49.39829999044204,49.39829999044204,130.00455499493745,-5.00455499493745,5.00455499493745,123.21379310344828,1.7862068965517182,1.7862068965517182,128.2737,-3.2736968994140625,3.2736968994140625
2025-07-31 14:31:18.000,2025-07-31 14:32:19.000,5.0,14.0,0.0,14.0,14.0,54.301764940733854,-40.301764940733854,40.301764940733854,15.397435897435898,-1.3974358974358978,1.3974358974358978,16.593275,-2.5932750701904297,2.5932750701904297
2025-07-17 15:16:21.002,2025-07-17 15:17:22.000,130.0,268.0,315.3504370786544,-47.35043707865441,47.35043707865441,272.7240966944071,-4.724096694407081,4.724096694407081,323.98496240601503,-55.98496240601503,55.98496240601503,311.67444,-43.6744384765625,43.6744384765625
2025-07-08 12:36:38.000,2025-07-08 12:37:38.000,116.0,235.0,249.79435516377643,-14.79435516377643,14.79435516377643,234.15743477826337,0.8425652217366348,0.8425652217366348,248.27058823529413,-13.270588235294127,13.270588235294127,248.76848,-13.768478393554688,13.768478393554688
2025-07-07 06:17:13.000,2025-07-07 06:18:13.000,125.28571428571429,229.0,279.51080524965346,-50.51080524965346,50.51080524965346,220.46419106968654,8.535808930313465,8.535808930313465,306.68674698795184,-77.68674698795184,77.68674698795184,333.8841,-104.88409423828125,104.88409423828125
2025-07-08 13:14:49.000,2025-07-08 13:15:49.000,103.6,203.0,228.37673523311386,-25.376735233113862,25.376735233113862,240.25625074760086,-37.25625074760086,37.25625074760086,213.4392523364486,-10.43925233644859,10.43925233644859,215.95158,-12.951583862304688,12.951583862304688
2025-07-08 12:56:44.000,2025-07-08 12:57:44.000,85.66666666666667,180.0,189.74739351257392,-9.747393512573922,9.747393512573922,131.28779388056458,48.71220611943542,48.71220611943542,176.11111111111111,3.8888888888888857,3.8888888888888857,196.5298,-16.529800415039062,16.529800415039062
2025-07-21 07:19:20.000,2025-07-21 07:20:21.000,116.5,284.0,253.8246405852299,30.1753594147701,30.1753594147701,271.11762641177404,12.88237358822596,12.88237358822596,245.67857142857142,38.321428571428584,38.321428571428584,259.72552,24.27447509765625,24.27447509765625
2025-09-09 06:36:44.001,2025-09-09 06:37:45.000,5.5,18.0,0.0,18.0,18.0,82.78830889930292,-64.78830889930292,64.78830889930292,15.397435897435898,2.602564102564102,2.602564102564102,11.801783,6.198217391967773,6.198217391967773
2025-07-31 15:06:31.000,2025-07-31 15:07:31.000,130.5,346.0,297.83768069230723,48.16231930769277,48.16231930769277,286.12943675998577,59.870563240014235,59.870563240014235,324.4,21.600000000000023,21.600000000000023,335.33557,10.6644287109375,10.6644287109375
2025-09-18 14:40:15.000,2025-09-18 14:41:16.000,86.5,152.0,201.21143673192282,-49.21143673192282,49.21143673192282,153.1488174415797,-1.1488174415796948,1.1488174415796948,124.8671875,27.1328125,27.1328125,125.66083,26.33917236328125,26.33917236328125
2025-07-09 18:01:28.000,2025-07-09 18:02:28.000,120.14285714285714,306.0,0.0,306.0,306.0,228.0640830075056,77.93591699249441,77.93591699249441,286.8658536585366,19.134146341463406,19.134146341463406,20256.86,-19950.859375,19950.859375
2025-09-10 15:24:36.000,2025-09-10 15:25:37.000,87.6,164.0,178.30163415674411,-14.301634156744115,14.301634156744115,150.1282793013286,13.871720698671396,13.871720698671396,120.29012345679013,43.70987654320987,43.70987654320987,132.39119,31.608810424804688,31.608810424804688
2025-07-24 14:47:16.000,2025-07-24 14:48:16.001,13.333333333333334,9.0,18.40057247067345,-9.400572470673449,9.400572470673449,85.35953291139896,-76.35953291139896,76.35953291139896,15.577777777777778,-6.5777777777777775,6.5777777777777775,25.953419,-16.953418731689453,16.953418731689453
2025-07-21 06:16:42.000,2025-07-21 06:17:43.000,21.0,12.0,0.0,12.0,12.0,53.126374820581184,-41.126374820581184,41.126374820581184,33.42465753424658,-21.424657534246577,21.424657534246577,24.429535,-12.429534912109375,12.429534912109375
2025-07-28 05:31:23.000,2025-07-28 05:32:23.000,116.5,266.0,267.46629603561064,-1.4662960356106396,1.4662960356106396,267.0343887631791,-1.034388763179095,1.034388763179095,240.24,25.75999999999999,25.75999999999999,258.49823,7.50177001953125,7.50177001953125
2025-07-07 06:11:11.000,2025-07-07 06:12:11.000,119.16666666666667,260.0,259.9658071060104,0.034192893989597906,0.034192893989597906,259.70317869637955,0.29682130362044745,0.29682130362044745,285.98765432098764,-25.987654320987644,25.987654320987644,279.13535,-19.135345458984375,19.135345458984375
2025-09-18 13:34:45.000,2025-09-18 13:35:45.000,60.333333333333336,159.0,133.56045774090975,25.439542259090246,25.439542259090246,113.0988538814561,45.901146118543906,45.901146118543906,129.64864864864865,29.351351351351354,29.351351351351354,135.32582,23.674179077148438,23.674179077148438
2025-07-08 13:04:46.000,2025-07-08 13:05:46.000,101.5,189.0,221.00197904543327,-32.00197904543327,32.00197904543327,260.80570822049555,-71.80570822049555,71.80570822049555,209.57731958762886,-20.577319587628864,20.577319587628864,195.04878,-6.0487823486328125,6.0487823486328125
2025-07-21 07:50:31.000,2025-07-21 07:51:32.000,10.166666666666666,28.0,0.0,28.0,28.0,53.202752698975786,-25.202752698975786,25.202752698975786,15.608108108108109,12.391891891891891,12.391891891891891,40.901985,-12.901985168457031,12.901985168457031
2025-09-18 13:50:48.000,2025-09-18 13:51:49.000,86.0,128.0,178.10393124073937,-50.10393124073937,50.10393124073937,164.92791706310513,-36.92791706310513,36.92791706310513,120.92063492063492,7.0793650793650755,7.0793650793650755,118.67059,9.32940673828125,9.32940673828125
2025-07-21 07:12:18.000,2025-07-21 07:13:19.000,116.4,241.0,254.0265993567265,-13.026599356726507,13.026599356726507,271.39742051816785,-30.39742051816785,30.39742051816785,250.352,-9.352000000000004,9.352000000000004,260.42786,-19.4278564453125,19.4278564453125
2025-09-10 06:15:47.000,2025-09-10 06:16:48.000,0.0,19.0,0.0,19.0,19.0,103.46850817696503,-84.46850817696503,84.46850817696503,15.397435897435898,3.602564102564102,3.602564102564102,13.170161,5.829838752746582,5.829838752746582
2025-07-17 15:10:20.000,2025-07-17 15:11:20.000,125.6,325.0,284.82504486423557,40.174955135764435,40.174955135764435,221.8667484943215,103.13325150567849,103.13325150567849,305.1818181818182,19.818181818181813,19.818181818181813,321.83612,3.16387939453125,3.16387939453125
2025-09-16 05:34:33.000,2025-09-16 05:35:33.000,86.5,93.0,192.55235340602968,-99.55235340602968,99.55235340602968,155.15337253963483,-62.15337253963483,62.15337253963483,122.37037037037037,-29.370370370370367,29.370370370370367,127.31696,-34.31696319580078,34.31696319580078
2025-09-10 05:37:34.000,2025-09-10 05:38:35.000,30.333333333333332,58.0,30.522589876055612,27.477410123944388,27.477410123944388,54.89756514102574,3.102434858974263,3.102434858974263,53.97196261682243,4.028037383177569,4.028037383177569,47.00249,10.997509002685547,10.997509002685547
2025-07-10 15:09:39.000,2025-07-10 15:10:39.000,36.333333333333336,41.0,28.43480340598928,12.565196594010722,12.565196594010722,56.918261514624135,-15.918261514624135,15.918261514624135,54.49382716049383,-13.49382716049383,13.49382716049383,27.046148,13.953851699829102,13.953851699829102
2025-07-31 15:03:30.000,2025-07-31 15:04:30.000,73.16666666666667,88.0,100.7555162180223,-12.755516218022294,12.755516218022294,69.62770528313382,18.37229471686618,18.37229471686618,90.33070866141732,-2.3307086614173187,2.3307086614173187,88.06604,-0.0660400390625,0.0660400390625
2025-07-08 09:37:59.000,2025-07-08 09:38:59.000,123.6,313.0,278.8753897506555,34.12461024934453,34.12461024934453,251.54217593163355,61.45782406836645,61.45782406836645,294.6693548387097,18.330645161290306,18.330645161290306,306.69638,6.303619384765625,6.303619384765625
2025-07-09 17:10:12.000,2025-07-09 17:11:12.000,107.5,177.0,254.51587852827495,-77.51587852827495,77.51587852827495,260.9713328385671,-83.9713328385671,83.9713328385671,211.367816091954,-34.36781609195401,34.36781609195401,208.29112,-31.291122436523438,31.291122436523438
2025-07-09 18:11:30.000,2025-07-09 18:12:30.000,127.5,270.0,294.93474166645694,-24.934741666456944,24.934741666456944,281.905929006398,-11.905929006398026,11.905929006398026,319.6938775510204,-49.69387755102042,49.69387755102042,309.0245,-39.024505615234375,39.024505615234375
2025-07-31 14:56:28.000,2025-07-31 14:57:28.000,31.833333333333332,74.0,63.293954773852775,10.706045226147225,10.706045226147225,112.87761869017942,-38.87761869017942,38.87761869017942,66.54954954954955,7.450450450450447,7.450450450450447,86.80701,-12.8070068359375,12.8070068359375
2025-09-10 06:12:46.000,2025-09-10 06:13:45.000,9.8,12.0,0.0,12.0,12.0,47.55106372156832,-35.55106372156832,35.55106372156832,15.416666666666666,-3.416666666666666,3.416666666666666,21.691156,-9.691156387329102,9.691156387329102
2025-07-21 07:14:20.000,2025-07-21 07:15:20.000,116.5,276.0,263.0971586213535,12.902841378646485,12.902841378646485,271.44736546497586,4.55263453502414,4.55263453502414,250.86274509803923,25.137254901960773,25.137254901960773,265.28217,10.71783447265625,10.71783447265625
2025-07-28 05:57:32.000,2025-07-28 05:58:32.000,118.0,260.0,279.0204648282439,-19.020464828243917,19.020464828243917,267.4364202596769,-7.436420259676879,7.436420259676879,290.4362745098039,-30.436274509803923,30.436274509803923,267.96225,-7.962249755859375,7.962249755859375
2025-07-07 07:04:25.000,2025-07-07 07:05:26.000,23.5,49.0,53.53398419405342,-4.533984194053417,4.533984194053417,56.73105958201266,-7.731059582012662,7.731059582012662,40.41860465116279,8.581395348837212,8.581395348837212,44.612812,4.387187957763672,4.387187957763672
2025-07-08 05:31:19.000,2025-07-08 05:32:19.000,36.166666666666664,33.0,13.995708455014864,19.004291544985136,19.004291544985136,58.70742574203986,-25.70742574203986,25.70742574203986,54.41621621621621,-21.416216216216213,21.416216216216213,30.19205,2.8079490661621094,2.8079490661621094
2025-07-09 17:37:20.000,2025-07-09 17:38:20.000,127.5,298.0,295.3871435313051,2.612856468694872,2.612856468694872,281.4054844275663,16.594515572433693,16.594515572433693,320.3114754098361,-22.311475409836078,22.311475409836078,309.17868,-11.178680419921875,11.178680419921875
2025-07-17 14:58:16.000,2025-07-17 14:59:16.000,131.0,312.0,317.8082738827111,-5.808273882711092,5.808273882711092,272.86076578822747,39.13923421177253,39.13923421177253,323.8556701030928,-11.855670103092791,11.855670103092791,316.34628,-4.346282958984375,4.346282958984375
2025-07-08 10:06:05.000,2025-07-08 10:07:06.000,57.5,132.0,133.57187441653554,-1.571874416535536,1.571874416535536,68.84371471761911,63.15628528238089,63.15628528238089,101.1,30.900000000000006,30.900000000000006,103.364624,28.6353759765625,28.6353759765625
2025-09-10 06:11:46.000,2025-09-10 06:12:46.000,38.2,57.0,40.196011362070045,16.803988637929955,16.803988637929955,57.57202543461978,-0.572025434619782,0.572025434619782,58.88,-1.8800000000000026,1.8800000000000026,43.752663,13.247337341308594,13.247337341308594
2025-09-16 09:30:10.000,2025-09-16 09:31:11.000,98.25,144.0,194.14508722365886,-50.14508722365886,50.14508722365886,145.02344445338792,-1.0234444533879241,1.0234444533879241,198.20408163265307,-54.20408163265307,54.20408163265307,151.9775,-7.9774932861328125,7.9774932861328125
2025-09-05 10:21:02.000,2025-09-05 10:22:02.000,52.0,61.0,78.46755920577165,-17.46755920577165,17.46755920577165,60.83430869277281,0.16569130722719194,0.16569130722719194,67.8128078817734,-6.812807881773395,6.812807881773395,69.64911,-8.64910888671875,8.64910888671875
2025-07-31 14:48:26.000,2025-07-31 14:49:26.000,6.0,19.0,0.0,19.0,19.0,93.52608219366694,-74.52608219366694,74.52608219366694,15.414893617021276,3.585106382978724,3.585106382978724,16.4274,2.572599411010742,2.572599411010742
2025-07-21 07:06:17.000,2025-07-21 07:07:18.000,117.0,237.0,282.8878073525633,-45.8878073525633,45.8878073525633,267.3370160378054,-30.337016037805427,30.337016037805427,284.8840579710145,-47.8840579710145,47.8840579710145,252.41254,-15.41253662109375,15.41253662109375
2025-07-28 05:25:22.000,2025-07-28 05:26:22.000,46.666666666666664,55.0,74.7917852257447,-19.791785225744704,19.791785225744704,61.02423544630117,-6.024235446301169,6.024235446301169,65.28318584070796,-10.283185840707958,10.283185840707958,63.51311,-8.513111114501953,8.513111114501953
2025-07-08 16:11:57.000,2025-07-08 16:12:58.000,46.5,32.0,42.508016231463486,-10.508016231463486,10.508016231463486,57.88991394430748,-25.88991394430748,25.88991394430748,60.59493670886076,-28.594936708860757,28.594936708860757,43.91758,-11.917579650878906,11.917579650878906
2025-07-21 07:40:26.001,2025-07-21 07:41:27.000,32.333333333333336,18.0,7.283682906682685,10.716317093317315,10.716317093317315,55.79893591648852,-37.79893591648852,37.79893591648852,50.93333333333333,-32.93333333333333,32.93333333333333,37.099392,-19.09939193725586,19.09939193725586
2025-09-05 09:59:53.000,2025-09-05 10:00:30.000,15.25,17.0,0.0,17.0,17.0,44.855975994114154,-27.855975994114154,27.855975994114154,15.689320388349515,1.3106796116504853,1.3106796116504853,14.380978,2.6190223693847656,2.6190223693847656
2025-07-10 06:26:33.000,2025-07-10 06:27:33.000,23.5,33.0,21.18052434649404,11.819475653505961,11.819475653505961,54.51516963227609,-21.51516963227609,21.51516963227609,39.140845070422536,-6.140845070422536,6.140845070422536,36.836277,-3.8362770080566406,3.8362770080566406
2025-07-17 15:17:22.000,2025-07-17 15:18:22.000,123.71428571428571,352.0,269.60575804054645,82.39424195945355,82.39424195945355,244.0903183021995,107.9096816978005,107.9096816978005,302.2151898734177,49.78481012658227,49.78481012658227,310.33243,41.667572021484375,41.667572021484375
2025-07-07 06:37:17.000,2025-07-07 06:38:17.000,104.0,224.0,219.53564336854942,4.464356631450585,4.464356631450585,213.04900323586898,10.95099676413102,10.95099676413102,212.52173913043478,11.478260869565219,11.478260869565219,193.07059,30.929412841796875,30.929412841796875
2025-09-09 15:38:55.000,2025-09-09 15:39:55.000,42.666666666666664,112.0,99.37530504133919,12.624694958660811,12.624694958660811,65.78176776940899,46.21823223059101,46.21823223059101,81.43367346938776,30.566326530612244,30.566326530612244,83.47474,28.52526092529297,28.52526092529297
2025-07-07 06:26:15.000,2025-07-07 06:27:15.000,125.25,310.0,278.643522582131,31.356477417868973,31.356477417868973,260.9702013254073,49.02979867459271,49.02979867459271,301.64356435643566,8.356435643564339,8.356435643564339,300.19516,9.804840087890625,9.804840087890625
2025-07-31 16:43:55.000,2025-07-31 16:44:55.000,135.5,351.0,319.93100347671736,31.068996523282635,31.068996523282635,281.31433965219776,69.68566034780224,69.68566034780224,324.1774193548387,26.82258064516128,26.82258064516128,347.97678,3.023223876953125,3.023223876953125
2025-07-08 10:05:05.000,2025-07-08 10:06:05.000,49.5,66.0,70.43596311997536,-4.435963119975355,4.435963119975355,69.37006273073698,-3.3700627307369757,3.3700627307369757,76.05263157894737,-10.05263157894737,10.05263157894737,70.54738,-4.5473785400390625,4.5473785400390625
2025-07-04 07:00:59.000,2025-07-04 07:01:59.000,130.5,363.0,298.0798265596811,64.92017344031888,64.92017344031888,285.44327170923043,77.55672829076957,77.55672829076957,324.1774193548387,38.82258064516128,38.82258064516128,331.39157,31.608428955078125,31.608428955078125
2025-07-28 07:19:57.000,2025-07-28 07:20:57.000,120.66666666666667,323.0,278.8538130578777,44.14618694212231,44.14618694212231,282.03574491566854,40.964255084331455,40.964255084331455,286.56617647058823,36.43382352941177,36.43382352941177,276.0382,46.9617919921875,46.9617919921875
2025-09-05 06:13:53.000,2025-09-05 06:14:53.000,18.0,29.0,0.0,29.0,29.0,52.62774523734403,-23.62774523734403,23.62774523734403,30.7125,-1.7124999999999986,1.7124999999999986,24.57529,4.424709320068359,4.424709320068359
2025-07-17 15:47:59.000,2025-07-17 15:49:00.000,129.25,297.0,282.4454664631344,14.55453353686562,14.55453353686562,267.9342366866487,29.065763313351283,29.065763313351283,324.36507936507934,-27.36507936507934,27.36507936507934,311.52893,-14.5289306640625,14.5289306640625
2025-07-07 07:15:29.000,2025-07-07 07:16:29.000,80.0,92.0,160.4349597400025,-68.43495974000251,68.43495974000251,101.10726030750783,-9.107260307507829,9.107260307507829,104.27184466019418,-12.271844660194176,12.271844660194176,111.94342,-19.94342041015625,19.94342041015625
2025-07-28 06:43:47.000,2025-07-28 06:44:48.000,120.5,312.0,272.902305767945,39.097694232055005,39.097694232055005,280.3507954647254,31.649204535274578,31.649204535274578,284.8840579710145,27.1159420289855,27.1159420289855,285.2944,26.705596923828125,26.705596923828125
2025-07-08 16:08:56.000,2025-07-08 16:09:56.000,20.0,23.0,32.1664743229886,-9.166474322988599,9.166474322988599,58.37970179189917,-35.37970179189917,35.37970179189917,36.614285714285714,-13.614285714285714,13.614285714285714,39.161,-16.160999298095703,16.160999298095703
2025-07-24 16:42:51.000,2025-07-24 16:43:52.000,125.5,307.0,277.0073581448081,29.99264185519189,29.99264185519189,284.5630653300652,22.43693466993477,22.43693466993477,302.93277310924367,4.067226890756331,4.067226890756331,301.84656,5.1534423828125,5.1534423828125
2025-07-10 15:14:40.000,2025-07-10 15:15:40.000,11.6,32.0,0.0,32.0,32.0,54.119477214316134,-22.119477214316134,22.119477214316134,15.577777777777778,16.422222222222224,16.422222222222224,21.679466,10.320533752441406,10.320533752441406
2025-09-18 14:16:05.000,2025-09-18 14:17:05.000,76.33333333333333,97.0,149.8833492720211,-52.88334927202109,52.88334927202109,155.3948272591143,-58.394827259114294,58.394827259114294,118.60317460317461,-21.603174603174608,21.603174603174608,121.187675,-24.18767547607422,24.18767547607422
2025-07-24 16:05:41.000,2025-07-24 16:06:41.000,125.66666666666667,323.0,290.1968929966898,32.803107003310174,32.803107003310174,284.7773741746451,38.222625825354896,38.222625825354896,303.4625,19.537500000000023,19.537500000000023,304.43445,18.5655517578125,18.5655517578125
2025-07-04 08:09:01.000,2025-07-04 08:10:01.000,27.666666666666668,47.0,30.05034514614698,16.94965485385302,16.94965485385302,57.417779784719556,-10.417779784719556,10.417779784719556,43.47945205479452,3.520547945205479,3.520547945205479,48.114353,-1.1143531799316406,1.1143531799316406
2025-07-07 19:05:55.000,2025-07-07 19:06:55.000,25.4,30.0,49.520346470999165,-19.520346470999165,19.520346470999165,56.24077072050421,-26.24077072050421,26.24077072050421,41.92,-11.920000000000002,11.920000000000002,46.42371,-16.423709869384766,16.423709869384766
2025-07-09 17:02:09.000,2025-07-09 17:03:10.000,107.33333333333333,171.0,231.75430674333725,-60.75430674333725,60.75430674333725,239.60555628008737,-68.60555628008737,68.60555628008737,211.34831460674158,-40.34831460674158,40.34831460674158,214.71948,-43.719482421875,43.719482421875
2025-07-04 08:02:57.000,2025-07-04 08:03:58.000,130.5,342.0,289.9477855161863,52.052214483813714,52.052214483813714,284.64499405173245,57.35500594826755,57.35500594826755,324.0769230769231,17.923076923076906,17.923076923076906,324.74854,17.25146484375,17.25146484375
2025-07-04 07:55:55.000,2025-07-04 07:56:55.000,121.28571428571429,317.0,261.4672310914344,55.53276890856557,55.53276890856557,259.3504594128693,57.64954058713067,57.64954058713067,280.9240506329114,36.07594936708858,36.07594936708858,280.06006,36.93994140625,36.93994140625
2025-07-17 15:38:57.000,2025-07-17 15:39:57.000,125.0,363.0,270.3199728582525,92.68002714174747,92.68002714174747,268.38835371663413,94.61164628336587,94.61164628336587,300.47058823529414,62.529411764705856,62.529411764705856,290.29498,72.70501708984375,72.70501708984375
2025-07-09 17:18:13.000,2025-07-09 17:19:13.000,105.75,167.0,219.49298264111752,-52.49298264111752,52.49298264111752,239.94185848161354,-72.94185848161354,72.94185848161354,211.0888888888889,-44.0888888888889,44.0888888888889,196.11305,-29.113052368164062,29.113052368164062
2025-07-07 18:36:34.000,2025-07-07 18:37:35.000,70.75,38.0,142.9261594765227,-104.92615947652271,104.92615947652271,111.57458271302785,-73.57458271302785,73.57458271302785,84.57943925233644,-46.57943925233644,46.57943925233644,75.95014,-37.95014190673828,37.95014190673828
2025-07-08 12:53:42.000,2025-07-08 12:54:43.000,71.25,93.0,152.6135858496789,-59.61358584967891,59.61358584967891,131.22235653763457,-38.22235653763457,38.22235653763457,95.84810126582279,-2.848101265822791,2.848101265822791,83.774086,9.225914001464844,9.225914001464844
2025-07-28 07:40:02.000,2025-07-28 07:41:02.000,29.2,39.0,31.957147197795535,7.0428528022044645,7.0428528022044645,83.8575265853595,-44.857526585359494,44.857526585359494,38.46067415730337,0.539325842696627,0.539325842696627,18.968046,20.031953811645508,20.031953811645508
2025-07-31 16:23:49.000,2025-07-31 16:24:50.000,125.5,364.0,275.2373704531518,88.76262954684819,88.76262954684819,261.46600823080774,102.53399176919226,102.53399176919226,304.8235294117647,59.176470588235304,59.176470588235304,312.22668,51.7733154296875,51.7733154296875
2025-07-09 05:11:18.000,2025-07-09 05:12:18.000,24.5,22.0,46.186769704851415,-24.186769704851415,24.186769704851415,80.43104725307941,-58.43104725307941,58.43104725307941,37.17142857142857,-15.17142857142857,15.17142857142857,23.720798,-1.7207984924316406,1.7207984924316406
2025-07-31 15:32:36.000,2025-07-31 15:33:36.000,125.75,364.0,293.3491473568954,70.6508526431046,70.6508526431046,241.2402635831136,122.7597364168864,122.7597364168864,305.31481481481484,58.68518518518516,58.68518518518516,313.476,50.52398681640625,50.52398681640625
2025-07-08 13:44:57.000,2025-07-08 13:45:54.000,4.0,16.0,0.0,16.0,16.0,63.77254020540223,-47.77254020540223,47.77254020540223,15.397435897435898,0.6025641025641022,0.6025641025641022,9.756273,6.24372673034668,6.24372673034668
2025-09-10 05:38:35.000,2025-09-10 05:39:35.000,31.0,36.0,53.313113604743435,-17.313113604743435,17.313113604743435,55.88101693311916,-19.881016933119163,19.881016933119163,57.386792452830186,-21.386792452830186,21.386792452830186,48.394306,-12.394306182861328,12.394306182861328
2025-09-18 13:23:40.000,2025-09-18 13:24:40.000,74.0,109.0,158.17118635113238,-49.17118635113238,49.17118635113238,139.54098645341867,-30.540986453418668,30.540986453418668,121.71428571428571,-12.714285714285708,12.714285714285708,101.4999,7.500099182128906,7.500099182128906
2025-07-04 08:07:00.000,2025-07-04 08:08:00.000,78.16666666666667,100.0,157.64487716006104,-57.64487716006104,57.64487716006104,70.68813787270092,29.31186212729908,29.31186212729908,109.30645161290323,-9.306451612903231,9.306451612903231,118.63636,-18.63636016845703,18.63636016845703
2025-09-09 15:50:59.000,2025-09-09 15:51:59.000,106.66666666666667,190.0,247.84687907109026,-57.84687907109026,57.84687907109026,255.6533220582177,-65.6533220582177,65.6533220582177,212.6,-22.599999999999994,22.599999999999994,214.75308,-24.753082275390625,24.753082275390625
2025-09-16 05:57:40.000,2025-09-16 05:58:40.000,60.833333333333336,151.0,133.0626324933331,17.937367506666902,17.937367506666902,126.76492687120711,24.23507312879289,24.23507312879289,125.1864406779661,25.813559322033896,25.813559322033896,132.18117,18.818832397460938,18.818832397460938
2025-07-08 10:09:07.000,2025-07-08 10:10:07.000,32.166666666666664,79.0,34.30212223055558,44.69787776944442,44.69787776944442,55.140527190568186,23.859472809431814,23.859472809431814,52.671875,26.328125,26.328125,40.959545,38.04045486450195,38.04045486450195
2025-09-18 13:39:46.000,2025-09-18 13:40:46.000,84.5,144.0,195.96224954721893,-51.96224954721893,51.96224954721893,153.44093207165324,-9.440932071653236,9.440932071653236,124.15555555555555,19.84444444444445,19.84444444444445,119.4314,24.568603515625,24.568603515625
2025-07-18 15:54:27.000,2025-07-18 15:55:28.000,31.0,43.0,55.70053483396452,-12.700534833964518,12.700534833964518,80.64221361452978,-37.64221361452978,37.64221361452978,60.63203463203463,-17.63203463203463,17.63203463203463,57.56503,-14.56502914428711,14.56502914428711
2025-07-18 15:53:26.000,2025-07-18 15:54:27.000,24.2,29.0,28.916694605049912,0.08330539495008793,0.08330539495008793,55.33269853997887,-26.33269853997887,26.33269853997887,40.63725490196079,-11.637254901960787,11.637254901960787,41.856136,-12.856136322021484,12.856136322021484
2025-07-07 07:30:34.000,2025-07-07 07:31:35.000,4.2,11.0,0.0,11.0,11.0,79.9696018919316,-68.9696018919316,68.9696018919316,15.419354838709678,-4.419354838709678,4.419354838709678,17.332039,-6.332038879394531,6.332038879394531
2025-07-08 08:48:46.000,2025-07-08 08:49:46.000,66.2,58.0,136.06204796911652,-78.06204796911652,78.06204796911652,113.12684178842935,-55.126841788429346,55.126841788429346,121.23737373737374,-63.237373737373744,63.237373737373744,103.802765,-45.802764892578125,45.802764892578125
2025-07-24 15:08:25.000,2025-07-24 15:09:26.000,79.25,85.0,168.45914052042826,-83.45914052042826,83.45914052042826,118.70033012706308,-33.70033012706308,33.70033012706308,122.76646706586827,-37.76646706586827,37.76646706586827,113.04343,-28.043426513671875,28.043426513671875
2025-09-18 13:28:42.000,2025-09-18 13:29:42.000,53.833333333333336,26.0,81.69381509628096,-55.69381509628096,55.69381509628096,65.57033073037333,-39.57033073037333,39.57033073037333,62.75539568345324,-36.75539568345324,36.75539568345324,46.52554,-20.52553939819336,20.52553939819336
2025-07-28 05:26:22.000,2025-07-28 05:27:22.000,43.833333333333336,72.0,84.01096622882469,-12.010966228824685,12.010966228824685,64.16191986931842,7.8380801306815755,7.8380801306815755,78.30147058823529,-6.30147058823529,6.30147058823529,85.45961,-13.459609985351562,13.459609985351562
2025-07-04 06:30:44.000,2025-07-04 06:31:44.000,132.5,342.0,307.8728006362353,34.1271993637647,34.1271993637647,281.4054844275663,60.59451557243369,60.59451557243369,323.8758620689655,18.12413793103451,18.12413793103451,332.2655,9.7344970703125,9.7344970703125
2025-07-28 05:45:28.000,2025-07-28 05:50:30.000,14.666666666666666,14.0,22.813702767854373,-8.813702767854373,8.813702767854373,82.25886319076344,-68.25886319076344,68.25886319076344,15.67032967032967,-1.6703296703296697,1.6703296703296697,16.957779,-2.9577789306640625,2.9577789306640625
2025-07-10 06:13:27.000,2025-07-10 06:14:28.000,19.0,30.0,31.24258515751159,-1.2425851575115914,1.2425851575115914,66.35426358719596,-36.35426358719596,36.35426358719596,36.035714285714285,-6.035714285714285,6.035714285714285,56.89977,-26.899768829345703,26.899768829345703
2025-07-08 13:11:48.000,2025-07-08 13:12:48.000,103.0,211.0,211.62685829270816,-0.6268582927081638,0.6268582927081638,238.25192793891387,-27.251927938913866,27.251927938913866,210.11764705882354,0.8823529411764639,0.8823529411764639,193.70918,17.290817260742188,17.290817260742188
2025-07-09 18:24:34.000,2025-07-09 18:25:34.000,81.0,90.0,174.42864655605973,-84.42864655605973,84.42864655605973,109.36338761784351,-19.363387617843514,19.363387617843514,132.31428571428572,-42.31428571428572,42.31428571428572,166.4605,-76.46049499511719,76.46049499511719
2025-09-10 15:06:31.000,2025-09-10 15:07:31.000,79.5,122.0,167.84688374582714,-45.84688374582714,45.84688374582714,131.362701280958,-9.362701280957992,9.362701280957992,115.42207792207792,6.577922077922082,6.577922077922082,106.700714,15.299285888671875,15.299285888671875
2025-09-05 08:40:01.000,2025-09-05 08:41:01.000,47.666666666666664,63.0,82.97328023396622,-19.97328023396622,19.97328023396622,60.29269889255651,2.7073011074434916,2.7073011074434916,66.72222222222223,-3.7222222222222285,3.7222222222222285,69.72874,-6.728736877441406,6.728736877441406
2025-07-07 05:49:04.000,2025-07-07 05:50:04.000,119.0,258.0,257.34365831748653,0.6563416825134709,0.6563416825134709,247.8385868062139,10.161413193786103,10.161413193786103,286.29010238907847,-28.29010238907847,28.29010238907847,282.83508,-24.8350830078125,24.8350830078125
2025-07-21 05:22:25.000,2025-07-21 05:23:26.000,39.5,57.0,65.99285003301881,-8.992850033018811,8.992850033018811,60.11427432060204,-3.1142743206020427,3.1142743206020427,60.89047619047619,-3.8904761904761926,3.8904761904761926,62.44344,-5.443439483642578,5.443439483642578
2025-07-08 13:35:55.000,2025-07-08 13:36:55.000,39.0,51.0,45.53043419976386,5.46956580023614,5.46956580023614,56.49638925009914,-5.496389250099142,5.496389250099142,55.333333333333336,-4.333333333333336,4.333333333333336,44.184822,6.815177917480469,6.815177917480469
2025-07-31 15:34:36.000,2025-07-31 15:35:36.000,130.4,302.0,289.4220387980431,12.577961201956896,12.577961201956896,285.16831993359233,16.83168006640767,16.83168006640767,324.3189655172414,-22.318965517241395,22.318965517241395,320.2861,-18.286102294921875,18.286102294921875
2025-07-21 05:56:36.000,2025-07-21 05:57:36.000,109.5,212.0,245.8377476413585,-33.837747641358504,33.837747641358504,265.7388397282849,-53.738839728284916,53.738839728284916,231.13978494623655,-19.139784946236546,19.139784946236546,233.76566,-21.765655517578125,21.765655517578125
2025-07-17 14:39:10.000,2025-07-17 14:40:11.000,21.833333333333332,31.0,13.473806707168826,17.526193292831174,17.526193292831174,62.72282721442265,-31.72282721442265,31.72282721442265,34.59731543624161,-3.597315436241608,3.597315436241608,30.045702,0.9542980194091797,0.9542980194091797
2025-07-21 05:37:30.000,2025-07-21 05:38:30.000,109.5,243.0,236.6114899603314,6.388510039668603,6.388510039668603,266.16719384193163,-23.167193841931635,23.167193841931635,231.01388888888889,11.986111111111114,11.986111111111114,229.9071,13.0928955078125,13.0928955078125
2025-07-07 07:10:27.000,2025-07-07 07:11:28.000,18.4,32.0,18.642527519843505,13.357472480156495,13.357472480156495,55.11685789888128,-23.11685789888128,23.11685789888128,34.79754601226994,-2.7975460122699403,2.7975460122699403,36.74496,-4.744960784912109,4.744960784912109
2025-09-16 10:15:46.000,2025-09-16 10:16:47.000,27.2,56.0,47.743507359762134,8.256492640237866,8.256492640237866,59.647578252503735,-3.6475782525037346,3.6475782525037346,40.738255033557046,15.261744966442954,15.261744966442954,40.24564,15.75436019897461,15.75436019897461
2025-07-17 15:20:22.000,2025-07-17 15:21:22.000,133.0,300.0,302.767914740327,-2.767914740327001,2.767914740327001,273.12394020630296,26.87605979369704,26.87605979369704,324.88666666666666,-24.886666666666656,24.886666666666656,356.778,-56.77801513671875,56.77801513671875
2025-07-17 16:13:07.000,2025-07-17 16:14:07.000,126.0,283.0,272.12338893407275,10.87661106592725,10.87661106592725,276.7267542932017,6.2732457067983205,6.2732457067983205,310.7142857142857,-27.714285714285722,27.714285714285722,291.78506,-8.785064697265625,8.785064697265625
2025-09-05 09:24:56.000,2025-09-05 09:25:56.000,42.333333333333336,45.0,71.60820631611867,-26.608206316118668,26.608206316118668,58.36319940335879,-13.363199403358792,13.363199403358792,55.90756302521008,-10.90756302521008,10.90756302521008,64.69264,-19.692642211914062,19.692642211914062
2025-09-18 13:20:40.000,2025-09-18 13:21:40.000,32.0,76.0,43.884090994238065,32.115909005761935,32.115909005761935,55.89192151545486,20.10807848454514,20.10807848454514,53.09929078014184,22.900709219858157,22.900709219858157,42.568596,33.43140411376953,33.43140411376953
2025-09-10 05:36:34.000,2025-09-10 05:37:34.000,36.0,102.0,63.29223989568007,38.70776010431993,38.70776010431993,54.531061682250176,47.468938317749824,47.468938317749824,58.93125,43.06875,43.06875,33.141735,68.8582649230957,68.8582649230957
2025-07-28 07:10:54.000,2025-07-28 07:11:55.000,120.5,278.0,268.10287274783184,9.897127252168161,9.897127252168161,280.1158441619151,-2.1158441619151063,2.1158441619151063,284.5111111111111,-6.51111111111112,6.51111111111112,281.09592,-3.095916748046875,3.095916748046875
2025-09-05 07:43:12.000,2025-09-05 07:44:04.000,2.0,10.0,0.0,10.0,10.0,53.75083699004484,-43.75083699004484,43.75083699004484,15.397435897435898,-5.397435897435898,5.397435897435898,13.087558,-3.087557792663574,3.087557792663574
2025-07-18 15:55:28.000,2025-07-18 15:56:29.000,55.6,134.0,107.73245269037355,26.26754730962645,26.26754730962645,96.21165929365515,37.788340706344854,37.788340706344854,68.45454545454545,65.54545454545455,65.54545454545455,65.916534,68.08346557617188,68.08346557617188
2025-07-04 06:33:46.000,2025-07-04 06:34:47.000,130.5,354.0,297.8512730765009,56.14872692349911,56.14872692349911,286.394583982409,67.60541601759098,67.60541601759098,324.46280991735534,29.537190082644656,29.537190082644656,335.15753,18.84246826171875,18.84246826171875
2025-09-10 15:05:30.000,2025-09-10 15:06:31.000,60.166666666666664,138.0,137.39214540622882,0.6078545937711795,0.6078545937711795,134.50015571672364,3.49984428327636,3.49984428327636,132.33333333333334,5.666666666666657,5.666666666666657,155.72467,-17.72467041015625,17.72467041015625
2025-07-17 15:05:18.000,2025-07-17 15:06:19.000,127.33333333333333,285.0,279.0414925814573,5.958507418542695,5.958507418542695,274.4352708118831,10.564729188116928,10.564729188116928,319.6938775510204,-34.69387755102042,34.69387755102042,302.97162,-17.97161865234375,17.97161865234375
2025-07-17 14:35:08.000,2025-07-17 14:36:09.000,11.6,21.0,0.0,21.0,21.0,53.146484169627506,-32.146484169627506,32.146484169627506,15.62,5.380000000000001,5.380000000000001,24.814804,-3.8148040771484375,3.8148040771484375
2025-07-07 18:45:37.000,2025-07-07 18:46:38.000,41.666666666666664,88.0,88.39729531041937,-0.3972953104193664,0.3972953104193664,65.34026743711267,22.659732562887328,22.659732562887328,78.5813953488372,9.418604651162795,9.418604651162795,79.93925,8.060752868652344,8.060752868652344
2025-07-21 06:50:14.000,2025-07-21 06:51:14.000,116.5,270.0,275.87045501877196,-5.870455018771963,5.870455018771963,267.0753234718756,2.924676528124394,2.924676528124394,239.74285714285713,30.257142857142867,30.257142857142867,247.96797,22.032028198242188,22.032028198242188
2025-07-08 12:23:34.000,2025-07-08 12:24:34.000,124.5,357.0,266.9491291180311,90.05087088196888,90.05087088196888,262.4541981051556,94.54580189484437,94.54580189484437,300.32835820895525,56.67164179104475,56.67164179104475,284.83896,72.16104125976562,72.16104125976562
2025-07-07 07:27:32.000,2025-07-07 07:28:33.000,73.66666666666667,151.0,158.6159361029127,-7.615936102912713,7.615936102912713,131.8825639657292,19.11743603427081,19.11743603427081,128.07865168539325,22.921348314606746,22.921348314606746,145.95744,5.0425567626953125,5.0425567626953125
2025-07-17 14:57:16.000,2025-07-17 14:58:16.000,129.0,277.0,282.19231854991165,-5.192318549911647,5.192318549911647,239.32408326350085,37.67591673649915,37.67591673649915,324.1268656716418,-47.12686567164178,47.12686567164178,302.15033,-25.15032958984375,25.15032958984375
2025-07-21 07:44:29.000,2025-07-21 07:45:30.000,12.4,14.0,0.0,14.0,14.0,95.19728104958483,-81.19728104958483,81.19728104958483,15.442622950819672,-1.442622950819672,1.442622950819672,18.754982,-4.754981994628906,4.754981994628906
2025-07-28 07:05:53.000,2025-07-28 07:06:54.000,120.5,284.0,286.138669120264,-2.1386691202640122,2.1386691202640122,276.13475294526467,7.865247054735335,7.865247054735335,284.8840579710145,-0.8840579710144993,0.8840579710144993,269.11316,14.8868408203125,14.8868408203125
2025-07-04 06:49:54.000,2025-07-04 06:50:55.000,130.33333333333334,256.0,293.0394451194768,-37.039445119476795,37.039445119476795,284.9820848784208,-28.98208487842078,28.98208487842078,323.23493975903614,-67.23493975903614,67.23493975903614,321.49402,-65.4940185546875,65.4940185546875
2025-07-08 05:17:15.000,2025-07-08 05:18:15.000,26.6,16.0,27.41797901308425,-11.41797901308425,11.41797901308425,53.03389746384433,-37.03389746384433,37.03389746384433,36.93650793650794,-20.936507936507937,20.936507936507937,27.13068,-11.130680084228516,11.130680084228516
2025-07-09 17:53:26.000,2025-07-09 17:54:26.000,61.833333333333336,211.0,150.55360033346145,60.446399666538554,60.446399666538554,148.2088947380398,62.79110526196021,62.79110526196021,150.33962264150944,60.660377358490564,60.660377358490564,194.86267,16.1373291015625,16.1373291015625
2025-07-08 12:25:34.000,2025-07-08 12:26:35.000,121.0,341.0,287.10583623438913,53.89416376561087,53.89416376561087,278.84388457498386,62.15611542501614,62.15611542501614,285.1641791044776,55.835820895522374,55.835820895522374,269.1206,71.87939453125,71.87939453125
2025-07-21 06:02:37.000,2025-07-21 06:03:37.000,92.33333333333333,107.0,190.62931572249258,-83.62931572249258,83.62931572249258,71.3107139647827,35.68928603521729,35.68928603521729,118.63970588235294,-11.639705882352942,11.639705882352942,146.8684,-39.86839294433594,39.86839294433594
2025-07-07 18:29:33.000,2025-07-07 18:30:33.000,59.2,84.0,108.93038069757876,-24.930380697578755,24.930380697578755,79.73561404139504,4.2643859586049615,4.2643859586049615,74.31318681318682,9.686813186813183,9.686813186813183,65.79604,18.203956604003906,18.203956604003906
2025-07-31 16:13:47.000,2025-07-31 16:14:47.000,133.0,361.0,294.88721855871313,66.11278144128687,66.11278144128687,282.1554751291616,78.84452487083843,78.84452487083843,323.2323943661972,37.767605633802816,37.767605633802816,328.7976,32.202392578125,32.202392578125
2025-07-24 14:55:19.000,2025-07-24 14:56:19.000,31.8,48.0,47.665484082999484,0.3345159170005161,0.3345159170005161,95.70195540955294,-47.70195540955294,47.70195540955294,50.929906542056074,-2.9299065420560737,2.9299065420560737,34.80748,13.192520141601562,13.192520141601562
2025-07-24 16:51:54.000,2025-07-24 16:52:54.000,69.16666666666667,62.0,93.56834265159313,-31.568342651593127,31.568342651593127,66.97988069282256,-4.979880692822562,4.979880692822562,76.15646258503402,-14.15646258503402,14.15646258503402,62.611023,-0.61102294921875,0.61102294921875
2025-07-04 07:44:52.000,2025-07-04 07:45:52.000,129.6,252.0,288.7933385282122,-36.79333852821219,36.79333852821219,205.86214025094299,46.137859749057014,46.137859749057014,324.11764705882354,-72.11764705882354,72.11764705882354,321.8444,-69.84439086914062,69.84439086914062
2025-09-05 10:00:53.000,2025-09-05 10:06:56.000,8.0,16.0,11.257982704929027,4.742017295070973,4.742017295070973,83.2462596670691,-67.2462596670691,67.2462596670691,15.414893617021276,0.585106382978724,0.585106382978724,13.779789,2.2202110290527344,2.2202110290527344
2025-09-09 06:26:42.000,2025-09-09 06:27:43.000,53.333333333333336,89.0,108.48850853379878,-19.48850853379878,19.48850853379878,125.65712916741509,-36.65712916741509,36.65712916741509,76.05263157894737,12.94736842105263,12.94736842105263,97.974106,-8.974105834960938,8.974105834960938
2025-07-08 09:18:54.000,2025-07-08 09:19:54.000,109.66666666666667,211.0,222.88372405394787,-11.883724053947873,11.883724053947873,248.77581463061472,-37.77581463061472,37.77581463061472,230.5344827586207,-19.534482758620697,19.534482758620697,215.83333,-4.8333282470703125,4.8333282470703125
2025-09-05 08:41:01.000,2025-09-05 08:42:02.000,71.5,110.0,159.1151823070874,-49.115182307087395,49.115182307087395,71.67919642953042,38.32080357046958,38.32080357046958,128.01,-18.00999999999999,18.00999999999999,121.61142,-11.611419677734375,11.611419677734375
2025-07-17 16:12:07.000,2025-07-17 16:13:07.000,105.42857142857143,253.0,301.7366094883555,-48.7366094883555,48.7366094883555,238.2509628549915,14.749037145008487,14.749037145008487,277.0,-24.0,24.0,240.84186,12.15814208984375,12.15814208984375
2025-07-17 16:45:17.000,2025-07-17 16:46:17.000,0.0,17.0,0.0,17.0,17.0,103.52277901029836,-86.52277901029836,86.52277901029836,15.397435897435898,1.6025641025641022,1.6025641025641022,13.157154,3.842845916748047,3.842845916748047
2025-07-31 16:00:44.000,2025-07-31 16:01:44.000,130.66666666666666,343.0,298.3801502694922,44.61984973050778,44.61984973050778,285.1157361504936,57.8842638495064,57.8842638495064,323.8758620689655,19.12413793103451,19.12413793103451,326.6407,16.35931396484375,16.35931396484375
2025-09-09 06:09:37.000,2025-09-09 06:10:37.000,89.5,100.0,195.53308201150492,-95.53308201150492,95.53308201150492,156.62450262518433,-56.624502625184334,56.624502625184334,121.1590909090909,-21.159090909090907,21.159090909090907,136.67113,-36.67112731933594,36.67112731933594
2025-09-09 15:30:52.000,2025-09-09 15:31:52.000,83.6,134.0,164.80121325828145,-30.80121325828145,30.80121325828145,121.06163612965919,12.938363870340808,12.938363870340808,112.72131147540983,21.278688524590166,21.278688524590166,103.12073,30.8792724609375,30.8792724609375
2025-07-07 06:25:15.000,2025-07-07 06:26:15.000,120.14285714285714,297.0,257.5996812848708,39.400318715129174,39.400318715129174,243.5084730607862,53.4915269392138,53.4915269392138,285.8991935483871,11.100806451612925,11.100806451612925,290.7376,6.26239013671875,6.26239013671875
2025-09-18 13:49:47.000,2025-09-18 13:50:48.000,86.5,141.0,201.23622596278915,-60.23622596278915,60.23622596278915,152.67481923369442,-11.674819233694421,11.674819233694421,124.8671875,16.1328125,16.1328125,125.9444,15.05560302734375,15.05560302734375
2025-09-16 06:05:42.000,2025-09-16 06:06:42.001,23.2,39.0,12.717251642955205,26.282748357044795,26.282748357044795,54.185940392112904,-15.185940392112904,15.185940392112904,38.41975308641975,0.5802469135802468,0.5802469135802468,33.071476,5.928524017333984,5.928524017333984
2025-07-31 14:58:29.000,2025-07-31 14:59:30.000,60.4,138.0,131.17301126876845,6.826988731231552,6.826988731231552,122.74221499515347,15.257785004846525,15.257785004846525,129.484375,8.515625,8.515625,118.63302,19.366981506347656,19.366981506347656
2025-07-31 16:16:48.000,2025-07-31 16:17:48.000,129.25,281.0,281.1173847762615,-0.11738477626147414,0.11738477626147414,212.41302352332224,68.58697647667776,68.58697647667776,321.0,-40.0,40.0,308.2916,-27.291595458984375,27.291595458984375
2025-09-18 13:33:44.000,2025-09-18 13:34:45.000,71.83333333333333,15.0,131.52539977374872,-116.52539977374872,116.52539977374872,64.2909397371183,-49.29093973711829,49.29093973711829,79.1890243902439,-64.1890243902439,64.1890243902439,85.02853,-70.02852630615234,70.02852630615234
2025-07-17 16:01:03.000,2025-07-17 16:02:04.000,123.16666666666667,336.0,272.7654343415139,63.234565658486076,63.234565658486076,260.51835373245325,75.48164626754675,75.48164626754675,292.28270042194094,43.717299578059055,43.717299578059055,310.70547,25.294525146484375,25.294525146484375
2025-07-24 16:34:50.000,2025-07-24 16:35:50.000,125.33333333333333,318.0,285.4897286582152,32.5102713417848,32.5102713417848,284.69640100999595,33.30359899000405,33.30359899000405,299.5508474576271,18.44915254237287,18.44915254237287,301.6044,16.395599365234375,16.395599365234375
2025-09-16 09:21:08.000,2025-09-16 09:22:08.000,33.8,14.0,53.57433405292414,-39.57433405292414,39.57433405292414,61.37799212596487,-47.37799212596487,47.37799212596487,52.74594594594595,-38.74594594594595,38.74594594594595,37.970806,-23.970806121826172,23.970806121826172
2025-07-08 08:32:22.000,2025-07-08 08:33:21.002,5.6,10.0,0.0,10.0,10.0,50.46151651242262,-40.46151651242262,40.46151651242262,15.442622950819672,-5.442622950819672,5.442622950819672,21.508404,-11.508403778076172,11.508403778076172
2025-09-18 14:38:15.000,2025-09-18 14:39:15.000,69.4,130.0,138.18628127200137,-8.186281272001366,8.186281272001366,108.35365736878069,21.646342631219312,21.646342631219312,102.23026315789474,27.76973684210526,27.76973684210526,108.64543,21.354568481445312,21.354568481445312
2025-07-08 16:12:58.000,2025-07-08 16:13:37.000,10.0,6.0,0.0,6.0,6.0,38.75642524462992,-32.75642524462992,32.75642524462992,15.414893617021276,-9.414893617021276,9.414893617021276,9.829025,-3.8290252685546875,3.8290252685546875
2025-07-08 12:09:13.000,2025-07-08 12:09:30.000,19.5,10.0,22.257123461524067,-12.257123461524067,12.257123461524067,38.67150120141936,-28.67150120141936,28.67150120141936,31.4,-21.4,21.4,5.3125362,4.687463760375977,4.687463760375977
2025-07-31 15:13:33.000,2025-07-31 15:14:33.000,117.33333333333333,273.0,240.11837381623928,32.881626183760716,32.881626183760716,170.058520671822,102.94147932817799,102.94147932817799,285.61739130434785,-12.617391304347848,12.617391304347848,224.4384,48.56159973144531,48.56159973144531
2025-09-10 06:01:43.000,2025-09-10 06:02:43.000,34.6,18.0,27.579641692906208,-9.579641692906208,9.579641692906208,55.692669928557756,-37.692669928557756,37.692669928557756,52.79194630872483,-34.79194630872483,34.79194630872483,28.871151,-10.871150970458984,10.871150970458984
2025-07-17 14:59:16.000,2025-07-17 15:00:17.000,130.33333333333334,355.0,302.56887100741426,52.43112899258574,52.43112899258574,285.43316197678695,69.56683802321305,69.56683802321305,324.3880597014925,30.611940298507477,30.611940298507477,327.75928,27.24072265625,27.24072265625
2025-07-17 16:10:06.000,2025-07-17 16:11:06.000,116.42857142857143,275.0,236.6555177829385,38.34448221706151,38.34448221706151,194.7423435210536,80.25765647894639,80.25765647894639,243.75294117647059,31.247058823529414,31.247058823529414,229.1489,45.851104736328125,45.851104736328125
2025-09-10 15:10:32.000,2025-09-10 15:11:32.000,75.4,91.0,143.78183543587372,-52.78183543587372,52.78183543587372,65.42441122845509,25.575588771544915,25.575588771544915,101.8961038961039,-10.896103896103895,10.896103896103895,95.24456,-4.244560241699219,4.244560241699219
2025-09-10 06:08:45.000,2025-09-10 06:09:46.000,79.0,99.0,152.014560113628,-53.014560113627994,53.014560113627994,144.8107092456765,-45.81070924567649,45.81070924567649,107.8,-8.799999999999997,8.799999999999997,119.658585,-20.658584594726562,20.658584594726562
2025-07-21 05:52:35.000,2025-07-21 05:53:35.000,106.33333333333333,227.0,242.17246489392952,-15.172464893929515,15.172464893929515,262.3015528796949,-35.301552879694896,35.301552879694896,214.11881188118812,12.881188118811878,12.881188118811878,214.65167,12.34832763671875,12.34832763671875
2025-07-24 15:07:25.000,2025-07-24 15:08:25.000,66.16666666666667,120.0,134.5211944036221,-14.521194403622104,14.521194403622104,100.25446958723047,19.745530412769526,19.745530412769526,114.62264150943396,5.3773584905660385,5.3773584905660385,109.02069,10.97930908203125,10.97930908203125
2025-07-24 16:16:44.001,2025-07-24 16:17:44.000,125.5,298.0,285.5941563143898,12.405843685610193,12.405843685610193,285.47324960793475,12.526750392065253,12.526750392065253,303.8174603174603,-5.817460317460302,5.817460317460302,307.79395,-9.7939453125,9.7939453125
2025-07-08 12:58:44.000,2025-07-08 12:59:44.000,102.16666666666667,238.0,217.4987028660684,20.501297133931587,20.501297133931587,219.41415462368647,18.58584537631353,18.58584537631353,210.8235294117647,27.176470588235304,27.176470588235304,201.49232,36.50767517089844,36.50767517089844
2025-07-08 09:59:03.000,2025-07-08 10:00:03.002,132.0,325.0,303.2913995435348,21.708600456465206,21.708600456465206,280.65402837779214,44.345971622207855,44.345971622207855,324.34722222222223,0.6527777777777715,0.6527777777777715,339.5772,-14.57720947265625,14.57720947265625
2025-07-08 12:40:39.000,2025-07-08 12:41:40.000,123.0,219.0,264.7389939102019,-45.738993910201884,45.738993910201884,243.94756802247696,-24.947568022476958,24.947568022476958,287.4485294117647,-68.4485294117647,68.4485294117647,282.78864,-63.78863525390625,63.78863525390625
2025-07-28 07:43:03.000,2025-07-28 07:44:03.000,15.0,44.0,4.556000320376846,39.443999679623154,39.443999679623154,54.96293146450309,-10.962931464503093,10.962931464503093,15.953846153846154,28.046153846153846,28.046153846153846,34.649963,9.35003662109375,9.35003662109375
2025-07-04 07:53:54.000,2025-07-04 07:54:55.000,129.6,282.0,278.2126442790325,3.7873557209675255,3.7873557209675255,190.86538447190455,91.13461552809545,91.13461552809545,324.1774193548387,-42.17741935483872,42.17741935483872,284.80933,-2.809326171875,2.809326171875
2025-07-21 06:10:40.000,2025-07-21 06:11:40.000,111.5,264.0,242.246545915821,21.753454084178998,21.753454084178998,266.9050996641433,-2.905099664143279,2.905099664143279,238.64285714285714,25.35714285714286,25.35714285714286,237.04512,26.954879760742188,26.954879760742188
2025-07-09 17:15:12.000,2025-07-09 17:16:12.000,107.33333333333333,129.0,240.1137504464849,-111.11375044648489,111.11375044648489,262.2229226741174,-133.2229226741174,133.2229226741174,214.15151515151516,-85.15151515151516,85.15151515151516,216.69371,-87.69371032714844,87.69371032714844
2025-07-08 09:35:59.000,2025-07-08 09:36:59.000,121.2,284.0,260.472420897784,23.52757910221601,23.52757910221601,187.63402271996216,96.36597728003784,96.36597728003784,275.1655172413793,8.834482758620709,8.834482758620709,258.60736,25.39263916015625,25.39263916015625
2025-09-10 15:31:39.000,2025-09-10 15:32:40.000,42.333333333333336,80.0,70.45597765265816,9.544022347341837,9.544022347341837,58.99552105654538,21.00447894345462,21.00447894345462,58.67336683417086,21.326633165829143,21.326633165829143,55.633522,24.366477966308594,24.366477966308594
2025-07-08 16:07:56.000,2025-07-08 16:08:56.000,30.0,57.0,39.34274753103351,17.65725246896649,17.65725246896649,55.88949179845154,1.1105082015484626,1.1105082015484626,54.6256157635468,2.374384236453203,2.374384236453203,46.90359,10.09640884399414,10.09640884399414
2025-09-18 13:30:43.000,2025-09-18 13:31:43.000,68.66666666666667,120.0,150.86544723041422,-30.86544723041422,30.86544723041422,128.37864547574623,-8.378645475746225,8.378645475746225,130.0188679245283,-10.018867924528308,10.018867924528308,149.16446,-29.164459228515625,29.164459228515625
2025-09-16 05:50:38.000,2025-09-16 05:51:38.000,33.0,101.0,49.71938819094709,51.28061180905291,51.28061180905291,55.901083779503715,45.098916220496285,45.098916220496285,58.183673469387756,42.816326530612244,42.816326530612244,33.003864,67.99613571166992,67.99613571166992
2025-09-10 06:05:45.000,2025-09-10 06:06:45.000,83.2,140.0,172.3009597651318,-32.30095976513181,32.30095976513181,135.44721936215262,4.552780637847377,4.552780637847377,118.47019867549669,21.52980132450331,21.52980132450331,124.31998,15.680023193359375,15.680023193359375
2025-09-05 08:48:03.000,2025-09-05 08:49:03.000,31.166666666666668,39.0,0.0,39.0,39.0,56.476736782249304,-17.476736782249304,17.476736782249304,50.62135922330097,-11.62135922330097,11.62135922330097,19.6786,19.321399688720703,19.321399688720703
2025-07-08 09:10:51.000,2025-07-08 09:11:52.000,110.75,201.0,244.0920311435265,-43.0920311435265,43.0920311435265,264.7858689293398,-63.78586892933981,63.78586892933981,237.955223880597,-36.955223880597,36.955223880597,235.86949,-34.86949157714844,34.86949157714844
2025-09-16 10:36:53.000,2025-09-16 10:37:53.000,57.8,84.0,118.85134174527494,-34.85134174527494,34.85134174527494,107.860686302066,-23.860686302066,23.860686302066,96.98046875,-12.98046875,12.98046875,76.98441,7.015586853027344,7.015586853027344
2025-09-16 10:35:52.000,2025-09-16 10:36:53.000,25.333333333333332,86.0,47.588371336404,38.411628663596,38.411628663596,58.63777769362619,27.36222230637381,27.36222230637381,42.17391304347826,43.82608695652174,43.82608695652174,55.30993,30.69007110595703,30.69007110595703
2025-09-05 09:50:49.000,2025-09-05 09:51:49.000,27.5,20.0,35.21342187312148,-15.213421873121483,15.213421873121483,52.49943658291751,-32.49943658291751,32.49943658291751,42.5,-22.5,22.5,39.580353,-19.580352783203125,19.580352783203125
2025-09-16 09:31:11.000,2025-09-16 09:32:12.000,87.0,159.0,194.42476467563262,-35.424764675632616,35.424764675632616,162.361970554679,-3.3619705546790044,3.3619705546790044,125.1864406779661,33.813559322033896,33.813559322033896,127.377205,31.62279510498047,31.62279510498047
2025-07-08 13:20:51.000,2025-07-08 13:21:51.000,103.5,212.0,226.48277011760368,-14.482770117603678,14.482770117603678,255.26632674428353,-43.26632674428353,43.26632674428353,211.85401459854015,0.1459854014598534,0.1459854014598534,199.46863,12.5313720703125,12.5313720703125
2025-09-16 10:41:54.000,2025-09-16 10:42:54.000,79.6,123.0,147.05350776162328,-24.05350776162328,24.05350776162328,83.30334509012795,39.69665490987205,39.69665490987205,101.75268817204301,21.24731182795699,21.24731182795699,87.979866,35.02013397216797,35.02013397216797
2025-07-08 12:13:31.000,2025-07-08 12:14:31.000,122.28571428571429,328.0,267.5795230981116,60.42047690188838,60.42047690188838,222.52399650875188,105.47600349124812,105.47600349124812,259.6875,68.3125,68.3125,275.26855,52.7314453125,52.7314453125
2025-07-31 15:52:43.000,2025-07-31 15:53:43.000,127.5,281.0,290.3686548744638,-9.3686548744638,9.3686548744638,285.54477989267394,-4.544779892673944,4.544779892673944,321.8953488372093,-40.895348837209326,40.895348837209326,318.43564,-37.435638427734375,37.435638427734375
2025-07-09 16:54:06.000,2025-07-09 16:55:07.000,88.0,119.0,210.4709961439684,-91.47099614396839,91.47099614396839,129.827536694918,-10.827536694917995,10.827536694917995,125.51401869158879,-6.514018691588788,6.514018691588788,140.6092,-21.609207153320312,21.609207153320312
2025-07-17 16:02:04.000,2025-07-17 16:03:05.000,130.0,340.0,297.6952997759312,42.304700224068824,42.304700224068824,284.7768719748572,55.223128025142785,55.223128025142785,324.55944055944053,15.440559440559468,15.440559440559468,327.595,12.404998779296875,12.404998779296875
2025-07-08 08:23:18.000,2025-07-08 08:24:18.000,4.5,14.0,0.0,14.0,14.0,79.88770972868014,-65.88770972868014,65.88770972868014,15.571428571428571,-1.5714285714285712,1.5714285714285712,18.357273,-4.357273101806641,4.357273101806641
2025-07-17 16:40:15.000,2025-07-17 16:41:15.000,78.0,66.0,167.79861245276007,-101.79861245276007,101.79861245276007,101.68919185589026,-35.68919185589026,35.68919185589026,120.66292134831461,-54.66292134831461,54.66292134831461,125.86324,-59.863243103027344,59.863243103027344
2025-07-08 05:20:17.000,2025-07-08 05:21:17.000,17.0,30.0,30.158971439675184,-0.15897143967518446,0.15897143967518446,87.80599895345638,-57.80599895345638,57.80599895345638,33.18181818181818,-3.18181818181818,3.18181818181818,34.59791,-4.597911834716797,4.597911834716797
2025-07-24 14:46:15.000,2025-07-24 14:47:16.000,9.2,21.0,0.0,21.0,21.0,101.0434212494526,-80.0434212494526,80.0434212494526,15.418367346938776,5.581632653061224,5.581632653061224,20.508324,0.49167633056640625,0.49167633056640625
2025-07-08 09:11:52.000,2025-07-08 09:12:52.000,110.8,156.0,241.50875165106504,-85.50875165106504,85.50875165106504,228.72341617083268,-72.72341617083268,72.72341617083268,236.61363636363637,-80.61363636363637,80.61363636363637,238.33595,-82.33595275878906,82.33595275878906
2025-07-21 07:07:18.000,2025-07-21 07:08:18.000,116.33333333333333,210.0,262.5879332353592,-52.58793323535917,52.58793323535917,269.1097124489366,-59.10971244893659,59.10971244893659,241.28025477707007,-31.28025477707007,31.28025477707007,259.1018,-49.101806640625,49.101806640625
2025-07-28 07:38:02.000,2025-07-28 07:39:02.000,24.4,35.0,37.4103559371089,-2.4103559371089034,2.4103559371089034,82.98458024774068,-47.98458024774068,47.98458024774068,37.43150684931507,-2.4315068493150704,2.4315068493150704,39.292564,-4.292564392089844,4.292564392089844
2025-07-09 18:20:33.000,2025-07-09 18:21:33.000,127.5,316.0,280.9844929638722,35.015507036127815,35.015507036127815,282.6206486903555,33.379351309644505,33.379351309644505,317.1587301587302,-1.1587301587301795,1.1587301587301795,302.86646,13.133544921875,13.133544921875
2025-07-08 13:07:47.000,2025-07-08 13:08:47.000,93.75,226.0,204.6234733926102,21.376526607389792,21.376526607389792,167.5199541044277,58.48004589557229,58.48004589557229,130.52597402597402,95.47402597402598,95.47402597402598,160.8413,65.15870666503906,65.15870666503906
2025-07-04 08:00:57.000,2025-07-04 08:01:57.000,133.0,363.0,305.80411510325064,57.19588489674936,57.19588489674936,236.44136610549185,126.55863389450815,126.55863389450815,324.34722222222223,38.65277777777777,38.65277777777777,350.61945,12.38055419921875,12.38055419921875
2025-07-08 12:16:31.000,2025-07-08 12:17:32.000,119.66666666666667,281.0,276.8548900160981,4.145109983901875,4.145109983901875,241.22740340740023,39.77259659259977,39.77259659259977,285.59375,-4.59375,4.59375,281.0486,-0.048614501953125,0.048614501953125
2025-07-08 05:39:22.000,2025-07-08 05:40:23.000,3.5,11.0,0.0,11.0,11.0,51.47242197831009,-40.47242197831009,40.47242197831009,15.397435897435898,-4.397435897435898,4.397435897435898,9.274093,1.725907325744629,1.725907325744629
2025-07-04 07:13:04.000,2025-07-04 07:14:04.000,113.71428571428571,262.0,208.4370041364836,53.56299586351639,53.56299586351639,167.46481024078008,94.53518975921992,94.53518975921992,235.7596153846154,26.240384615384613,26.240384615384613,188.905,73.09500122070312,73.09500122070312
2025-07-08 12:09:30.000,2025-07-08 12:10:30.000,17.333333333333332,31.0,0.0,31.0,31.0,52.027452768811,-21.027452768811003,21.027452768811003,29.833333333333332,1.1666666666666679,1.1666666666666679,43.62902,-12.629020690917969,12.629020690917969
2025-07-08 09:16:54.000,2025-07-08 09:17:54.000,82.4,123.0,176.7753820327652,-53.77538203276521,53.77538203276521,135.2306477142724,-12.230647714272408,12.230647714272408,125.1864406779661,-2.186440677966104,2.186440677966104,136.09465,-13.094650268554688,13.094650268554688
2025-07-18 15:52:26.000,2025-07-18 15:53:26.000,45.166666666666664,28.0,72.52358208595149,-44.52358208595149,44.52358208595149,62.36060626586318,-34.36060626586318,34.36060626586318,65.50568181818181,-37.50568181818181,37.50568181818181,89.8694,-61.86940002441406,61.86940002441406
2025-07-28 07:15:55.000,2025-07-28 07:16:56.000,120.5,291.0,269.14539798644375,21.854602013556246,21.854602013556246,279.6268103147499,11.37318968525011,11.37318968525011,277.14516129032256,13.854838709677438,13.854838709677438,282.9557,8.0443115234375,8.0443115234375
2025-07-31 16:41:54.000,2025-07-31 16:42:55.000,135.33333333333334,361.0,305.54989145527327,55.45010854472673,55.45010854472673,285.04689368888086,75.95310631111914,75.95310631111914,323.5275590551181,37.472440944881896,37.472440944881896,344.74155,16.258453369140625,16.258453369140625
2025-07-28 05:54:31.000,2025-07-28 05:55:32.000,100.66666666666667,152.0,204.97500005089287,-52.975000050892874,52.975000050892874,148.50474727038414,3.4952527296158564,3.4952527296158564,204.56164383561645,-52.56164383561645,52.56164383561645,185.86711,-33.86711120605469,33.86711120605469
2025-07-21 07:17:20.000,2025-07-21 07:18:20.000,116.66666666666667,227.0,263.6192662042331,-36.6192662042331,36.6192662042331,278.22928272074506,-51.22928272074506,51.22928272074506,283.47286821705427,-56.47286821705427,56.47286821705427,259.65222,-32.6522216796875,32.6522216796875
2025-07-28 07:36:01.000,2025-07-28 07:37:01.002,31.2,26.0,29.594153149534094,-3.594153149534094,3.594153149534094,55.36484457469321,-29.36484457469321,29.36484457469321,50.68613138686131,-24.686131386861312,24.686131386861312,18.58723,7.412769317626953,7.412769317626953
2025-09-10 06:09:46.000,2025-09-10 06:10:46.000,66.5,35.0,103.39173997680564,-68.39173997680564,68.39173997680564,73.36067585993901,-38.36067585993901,38.36067585993901,75.21481481481482,-40.214814814814815,40.214814814814815,69.935684,-34.93568420410156,34.93568420410156
2025-07-09 18:18:32.000,2025-07-09 18:19:33.000,127.5,301.0,295.42692602441116,5.573073975588841,5.573073975588841,281.427622490004,19.572377509995988,19.572377509995988,320.43307086614175,-19.433070866141748,19.433070866141748,309.07938,-8.079376220703125,8.079376220703125
2025-07-31 14:49:26.000,2025-07-31 14:50:26.000,6.0,14.0,0.0,14.0,14.0,89.60406042310781,-75.60406042310781,75.60406042310781,15.416666666666666,-1.416666666666666,1.416666666666666,16.9479,-2.9479007720947266,2.9479007720947266
2025-07-24 15:39:34.000,2025-07-24 15:40:34.000,108.14285714285714,251.0,239.7634435804442,11.236556419555797,11.236556419555797,222.49659554450628,28.503404455493722,28.503404455493722,270.29065743944636,-19.290657439446363,19.290657439446363,267.86057,-16.860565185546875,16.860565185546875
2025-07-28 06:01:34.000,2025-07-28 06:02:34.000,119.66666666666667,176.0,270.9117046386459,-94.91170463864592,94.91170463864592,279.5644204873981,-103.56442048739808,103.56442048739808,285.1641791044776,-109.16417910447763,109.16417910447763,274.80853,-98.80853271484375,98.80853271484375
2025-07-08 16:30:45.000,2025-07-08 16:31:45.000,9.833333333333334,16.0,0.0,16.0,16.0,53.26620056685744,-37.26620056685744,37.26620056685744,15.608108108108109,0.3918918918918912,0.3918918918918912,33.85097,-17.850971221923828,17.850971221923828
2025-07-08 09:57:03.000,2025-07-08 09:58:03.000,123.0,294.0,288.63129352499857,5.3687064750014315,5.3687064750014315,276.5267398822796,17.473260117720372,17.473260117720372,294.1666666666667,-0.16666666666668561,0.16666666666668561,296.7431,-2.74310302734375,2.74310302734375
2025-07-31 14:46:24.000,2025-07-31 14:47:25.000,5.0,18.0,0.0,18.0,18.0,74.65790033412155,-56.65790033412155,56.65790033412155,15.397435897435898,2.602564102564102,2.602564102564102,13.836301,4.163699150085449,4.163699150085449
2025-07-22 08:27:32.000,2025-07-22 08:28:32.000,12.6,23.0,12.525250966292706,10.474749033707294,10.474749033707294,56.35406649909865,-33.35406649909865,33.35406649909865,15.577777777777778,7.4222222222222225,7.4222222222222225,41.60137,-18.60137176513672,18.60137176513672
2025-07-07 06:43:18.000,2025-07-07 06:44:18.000,106.6,207.0,224.72656920948347,-17.726569209483472,17.726569209483472,213.93444494987492,-6.934444949874916,6.934444949874916,211.74590163934425,-4.745901639344254,4.745901639344254,208.65582,-1.65582275390625,1.65582275390625
2025-07-21 06:35:09.000,2025-07-21 06:36:09.000,116.5,262.0,275.87045501877196,-13.870455018771963,13.870455018771963,267.0753234718756,-5.075323471875606,5.075323471875606,239.74285714285713,22.257142857142867,22.257142857142867,247.96797,14.032028198242188,14.032028198242188
2025-07-09 18:33:38.000,2025-07-09 18:34:16.000,2.5,6.0,0.0,6.0,6.0,58.80018114110848,-52.80018114110848,52.80018114110848,15.397435897435898,-9.397435897435898,9.397435897435898,8.85575,-2.85575008392334,2.85575008392334
2025-09-16 10:37:53.000,2025-09-16 10:38:53.000,70.66666666666667,119.0,135.31968067770757,-16.319680677707566,16.319680677707566,69.55719897655852,49.442801023441476,49.442801023441476,85.79439252336448,33.20560747663552,33.20560747663552,105.92099,13.079010009765625,13.079010009765625
2025-07-31 16:01:44.000,2025-07-31 16:02:45.000,130.5,307.0,298.31390636697176,8.686093633028236,8.686093633028236,285.8976573806035,21.102342619396495,21.102342619396495,324.36507936507934,-17.36507936507934,17.36507936507934,332.6344,-25.6343994140625,25.6343994140625
2025-07-08 13:08:47.000,2025-07-08 13:09:48.000,91.33333333333333,163.0,199.14176756136666,-36.14176756136666,36.14176756136666,158.70226201745905,4.297737982540951,4.297737982540951,122.28104575163398,40.71895424836602,40.71895424836602,141.07515,21.924850463867188,21.924850463867188
2025-07-08 09:29:57.000,2025-07-08 09:30:58.000,54.333333333333336,169.0,123.70909625453018,45.29090374546982,45.29090374546982,134.7951525523408,34.204847447659205,34.204847447659205,110.41379310344827,58.58620689655173,58.58620689655173,153.5819,15.418106079101562,15.418106079101562
2025-07-08 08:44:45.000,2025-07-08 08:45:45.000,37.666666666666664,50.0,65.33079781397035,-15.33079781397035,15.33079781397035,80.39043974722344,-30.39043974722344,30.39043974722344,59.349809885931556,-9.349809885931556,9.349809885931556,52.882526,-2.882526397705078,2.882526397705078
2025-07-07 07:26:32.000,2025-07-07 07:27:32.000,49.5,113.0,112.34713608707555,0.6528639129244453,0.6528639129244453,66.97070630037717,46.029293699622826,46.029293699622826,86.29493087557604,26.705069124423957,26.705069124423957,82.64383,30.356170654296875,30.356170654296875
2025-07-31 14:55:28.000,2025-07-31 14:56:28.000,9.833333333333334,17.0,0.0,17.0,17.0,57.57676464037567,-40.57676464037567,40.57676464037567,15.419354838709678,1.580645161290322,1.580645161290322,34.63297,-17.63296890258789,17.63296890258789
2025-07-08 05:24:18.000,2025-07-08 05:25:18.000,84.75,103.0,175.13196265350356,-72.13196265350356,72.13196265350356,156.49000603226287,-53.49000603226287,53.49000603226287,119.50295857988165,-16.50295857988165,16.50295857988165,114.60533,-11.605331420898438,11.605331420898438
2025-07-24 16:40:51.000,2025-07-24 16:41:51.000,125.5,323.0,282.0515876261816,40.94841237381843,40.94841237381843,284.7358942192138,38.264105780786224,38.264105780786224,302.9391304347826,20.060869565217388,20.060869565217388,305.72998,17.27001953125,17.27001953125
2025-09-16 15:20:45.000,2025-09-16 15:21:45.000,70.16666666666667,86.0,130.10442729065048,-44.10442729065048,44.10442729065048,63.70658134727016,22.29341865272984,22.29341865272984,79.73426573426573,6.265734265734267,6.265734265734267,83.38301,2.6169891357421875,2.6169891357421875
2025-07-21 06:41:10.000,2025-07-21 06:42:10.000,116.66666666666667,308.0,268.4147315871937,39.58526841280627,39.58526841280627,278.77785211800074,29.222147881999263,29.222147881999263,283.47286821705427,24.52713178294573,24.52713178294573,263.52164,44.478363037109375,44.478363037109375
2025-07-08 09:54:02.000,2025-07-08 09:55:03.000,133.8,294.0,284.05070735750473,9.949292642495266,9.949292642495266,225.4492231116229,68.5507768883771,68.5507768883771,321.3936170212766,-27.39361702127661,27.39361702127661,318.40668,-24.40667724609375,24.40667724609375
2025-07-08 09:45:00.000,2025-07-08 09:46:01.000,128.83333333333334,222.0,282.1356444934123,-60.135644493412315,60.135644493412315,209.33018426315493,12.669815736845067,12.669815736845067,323.1158536585366,-101.1158536585366,101.1158536585366,316.96234,-94.96234130859375,94.96234130859375
2025-07-09 17:19:13.000,2025-07-09 17:20:13.000,88.6,113.0,182.43103069659685,-69.43103069659685,69.43103069659685,153.1971118762249,-40.19711187622491,40.19711187622491,121.33548387096774,-8.335483870967735,8.335483870967735,142.12767,-29.127670288085938,29.127670288085938
2025-07-28 05:59:32.000,2025-07-28 06:00:33.000,120.5,195.0,285.7977025657665,-90.79770256576649,90.79770256576649,275.7974560711977,-80.7974560711977,80.7974560711977,285.0571428571429,-90.05714285714288,90.05714285714288,266.85873,-71.85873413085938,71.85873413085938
2025-09-18 14:13:05.000,2025-09-18 14:14:05.000,76.0,141.0,160.8040713555299,-19.804071355529913,19.804071355529913,72.86777566591057,68.13222433408943,68.13222433408943,109.74736842105263,31.252631578947373,31.252631578947373,95.9183,45.081703186035156,45.081703186035156
2025-07-31 16:02:45.000,2025-07-31 16:03:45.000,130.5,316.0,293.2811250842161,22.718874915783886,22.718874915783886,285.46081902371645,30.539180976283546,30.539180976283546,323.6629213483146,-7.662921348314626,7.662921348314626,329.34064,-13.34063720703125,13.34063720703125
2025-07-31 15:26:35.000,2025-07-31 15:27:35.000,130.0,351.0,315.311142461725,35.68885753827499,35.68885753827499,272.86076578822747,78.13923421177253,78.13923421177253,323.7291666666667,27.270833333333314,27.270833333333314,311.78772,39.2122802734375,39.2122802734375
2025-07-08 05:30:19.000,2025-07-08 05:31:19.000,39.333333333333336,43.0,72.37901354084735,-29.379013540847353,29.379013540847353,61.19264025849866,-18.192640258498663,18.192640258498663,59.885572139303484,-16.885572139303484,16.885572139303484,57.536304,-14.536304473876953,14.536304473876953
2025-09-16 05:28:31.000,2025-09-16 05:29:32.000,30.833333333333332,20.0,49.61266954609343,-29.61266954609343,29.61266954609343,77.74232924853571,-57.74232924853571,57.74232924853571,55.70744680851064,-35.70744680851064,35.70744680851064,48.592213,-28.592212677001953,28.592212677001953
2025-09-09 06:29:43.000,2025-09-09 06:30:43.000,53.666666666666664,98.0,95.2386042529267,2.761395747073294,2.761395747073294,61.40741886383478,36.59258113616522,36.59258113616522,69.31901840490798,28.68098159509202,28.68098159509202,64.205894,33.794105529785156,33.794105529785156
2025-09-10 15:09:32.000,2025-09-10 15:10:32.000,75.83333333333333,111.0,143.17926495309763,-32.17926495309763,32.17926495309763,71.02898859752653,39.971011402473465,39.971011402473465,100.99557522123894,10.004424778761063,10.004424778761063,93.72653,17.273468017578125,17.273468017578125
2025-09-16 09:22:08.000,2025-09-16 09:23:09.000,40.4,111.0,90.68377378221331,20.316226217786692,20.316226217786692,62.721887056279314,48.278112943720686,48.278112943720686,77.92696629213484,33.073033707865164,33.073033707865164,64.51807,46.48193359375,46.48193359375
2025-09-05 09:22:55.000,2025-09-05 09:23:55.000,58.5,72.0,99.63530959641326,-27.635309596413265,27.635309596413265,64.81397237037855,7.186027629621449,7.186027629621449,81.70588235294117,-9.705882352941174,9.705882352941174,86.858734,-14.858734130859375,14.858734130859375
2025-09-16 15:32:49.000,2025-09-16 15:33:49.000,55.5,85.0,79.68563447626401,5.314365523735987,5.314365523735987,62.90043093296807,22.09956906703193,22.09956906703193,70.84878048780487,14.151219512195127,14.151219512195127,53.073692,31.926307678222656,31.926307678222656
2025-07-10 06:06:25.000,2025-07-10 06:07:25.000,42.75,66.0,86.55276656616654,-20.55276656616654,20.55276656616654,96.51712256149276,-30.517122561492755,30.517122561492755,54.745370370370374,11.254629629629626,11.254629629629626,41.08221,24.917789459228516,24.917789459228516
2025-07-10 06:16:29.000,2025-07-10 06:17:29.000,32.4,28.0,50.74146106771006,-22.741461067710063,22.741461067710063,142.53116151256847,-114.53116151256847,114.53116151256847,51.19140625,-23.19140625,23.19140625,24.72223,3.277769088745117,3.277769088745117
2025-07-09 05:23:21.000,2025-07-09 05:24:22.000,53.6,61.0,103.16688531143303,-42.166885311433035,42.166885311433035,106.77121322304272,-45.77121322304272,45.77121322304272,72.4496644295302,-11.449664429530202,11.449664429530202,90.44568,-29.4456787109375,29.4456787109375
2025-09-18 13:44:47.000,2025-09-18 13:45:47.000,59.833333333333336,131.0,133.60523391708378,-2.6052339170837797,2.6052339170837797,113.48699042134336,17.513009578656636,17.513009578656636,130.33333333333334,0.6666666666666572,0.6666666666666572,133.63504,-2.635040283203125,2.635040283203125
2025-07-08 12:50:42.000,2025-07-08 12:51:42.000,77.8,88.0,148.60955205912182,-60.609552059121825,60.609552059121825,143.25921748066008,-55.259217480660084,55.259217480660084,105.92771084337349,-17.92771084337349,17.92771084337349,100.81918,-12.819183349609375,12.819183349609375
2025-07-22 08:42:37.000,2025-07-22 08:43:38.000,3.3333333333333335,11.0,0.0,11.0,11.0,115.7178396238507,-104.7178396238507,104.7178396238507,15.397435897435898,-4.397435897435898,4.397435897435898,12.721641,-1.7216405868530273,1.7216405868530273
2025-07-07 07:12:28.000,2025-07-07 07:13:28.000,25.5,27.0,12.31809671353728,14.68190328646272,14.68190328646272,61.561091146361434,-34.561091146361434,34.561091146361434,36.73148148148148,-9.731481481481481,9.731481481481481,15.116936,11.883064270019531,11.883064270019531
2025-07-21 07:25:23.000,2025-07-21 07:26:23.000,116.5,262.0,272.4855064779829,-10.48550647798288,10.48550647798288,266.930163207349,-4.930163207348983,4.930163207348983,239.98496240601503,22.01503759398497,22.01503759398497,258.70715,3.2928466796875,3.2928466796875
2025-07-10 15:01:36.000,2025-07-10 15:02:36.000,30.166666666666668,37.0,47.40201604852577,-10.402016048525773,10.402016048525773,68.23827943325726,-31.23827943325726,31.23827943325726,56.2741116751269,-19.274111675126903,19.274111675126903,59.305805,-22.305805206298828,22.305805206298828
2025-07-24 15:49:36.000,2025-07-24 15:50:36.000,125.5,306.0,298.3446378076462,7.655362192353778,7.655362192353778,280.9904562863047,25.00954371369528,25.00954371369528,302.96062992125985,3.0393700787401485,3.0393700787401485,289.11276,16.887237548828125,16.887237548828125
2025-07-08 09:13:52.000,2025-07-08 09:14:52.002,109.6,194.0,235.49108517698733,-41.491085176987326,41.491085176987326,215.12150983948501,-21.121509839485014,21.121509839485014,231.35384615384615,-37.35384615384615,37.35384615384615,222.65723,-28.6572265625,28.6572265625
2025-09-16 10:43:54.000,2025-09-16 10:44:55.000,45.333333333333336,68.0,92.6983527674808,-24.6983527674808,24.6983527674808,111.90795041938931,-43.90795041938931,43.90795041938931,66.97714285714285,1.0228571428571485,1.0228571428571485,87.439735,-19.439735412597656,19.439735412597656
2025-07-24 14:58:21.000,2025-07-24 14:59:21.000,25.6,61.0,48.593815613237176,12.406184386762824,12.406184386762824,104.53348024900556,-43.533480249005564,43.533480249005564,42.152671755725194,18.847328244274806,18.847328244274806,50.530502,10.469497680664062,10.469497680664062
2025-09-16 10:28:49.000,2025-09-16 10:29:50.000,35.0,78.0,54.96103277858073,23.03896722141927,23.03896722141927,56.13036789280471,21.869632107195287,21.869632107195287,58.233695652173914,19.766304347826086,19.766304347826086,37.293156,40.706844329833984,40.706844329833984
2025-07-17 16:38:14.000,2025-07-17 16:39:14.000,68.85714285714286,28.0,85.05538170076373,-57.05538170076373,57.05538170076373,83.62674867215593,-55.62674867215593,55.62674867215593,75.82089552238806,-47.82089552238806,47.82089552238806,76.52995,-48.52995300292969,48.52995300292969
2025-09-18 13:27:42.000,2025-09-18 13:28:42.000,81.6,105.0,167.33295490348718,-62.33295490348718,62.33295490348718,164.7707645525967,-59.77076455259669,59.77076455259669,115.41818181818182,-10.418181818181822,10.418181818181822,113.9567,-8.956703186035156,8.956703186035156
2025-07-28 06:53:49.000,2025-07-28 06:54:50.000,120.66666666666667,337.0,273.4355127263766,63.5644872736234,63.5644872736234,282.9000308361437,54.099969163856315,54.099969163856315,284.7469512195122,52.2530487804878,52.2530487804878,279.36066,57.63934326171875,57.63934326171875
2025-07-28 05:24:22.000,2025-07-28 05:25:22.000,49.0,81.0,99.94859338768846,-18.94859338768846,18.94859338768846,114.52838878151186,-33.528388781511865,33.528388781511865,61.609836065573774,19.390163934426226,19.390163934426226,65.68798,15.312019348144531,15.312019348144531
2025-07-18 15:56:29.000,2025-07-18 15:57:29.000,27.2,60.0,17.757067154487927,42.24293284551207,42.24293284551207,52.76896261442365,7.23103738557635,7.23103738557635,37.74545454545454,22.254545454545458,22.254545454545458,31.470373,28.529626846313477,28.529626846313477
2025-07-09 17:01:09.000,2025-07-09 17:02:09.000,90.25,149.0,199.25130925000823,-50.251309250008234,50.251309250008234,141.40159747897127,7.598402521028731,7.598402521028731,132.3068181818182,16.693181818181813,16.693181818181813,150.65932,-1.6593170166015625,1.6593170166015625
2025-07-08 12:24:34.000,2025-07-08 12:25:34.000,118.85714285714286,329.0,246.46675535846822,82.53324464153178,82.53324464153178,255.50357873621886,73.49642126378114,73.49642126378114,277.75816993464053,51.241830065359466,51.241830065359466,255.7543,73.24569702148438,73.24569702148438
2025-07-21 05:24:26.000,2025-07-21 05:25:26.000,32.2,48.0,38.1008946141615,9.899105385838503,9.899105385838503,54.65157872643302,-6.651578726433023,6.651578726433023,52.87111111111111,-4.871111111111112,4.871111111111112,39.779026,8.22097396850586,8.22097396850586
2025-09-09 06:04:35.000,2025-09-09 06:05:35.000,33.166666666666664,110.0,43.00955765070677,66.99044234929323,66.99044234929323,55.10908444921068,54.89091555078932,54.89091555078932,57.721461187214615,52.278538812785385,52.278538812785385,45.333065,64.66693496704102,64.66693496704102
